Index,Company,Account Type,Twitter Handle,Account Creation Date,Account Followers,Account Following,Account Likes,Account Public Lists,Original Tweets,Retweets,Reply Tweets,Quote Tweets,Original Tweet Retweets,Original Tweet Likes,Original Tweet Replies,Original Tweet Quotes
0,MICROSOFT CORP,Corporate,@Microsoft,2009-09-14 22:35:42+00:00,12147971,2476,13502,26653,37465,6781,11501,164,1022134,4447230,345161,120589
0,EXXON MOBIL CORP,Corporate,@exxonmobil,2009-04-30 13:49:24+00:00,336195,275,593,2713,8402,1103,929,52,160900,627636,78362,32508
0,JOHNSON & JOHNSON,Corporate,@JNJNews,2009-02-09 19:12:13+00:00,249602,2398,3322,2950,9220,2561,3018,183,103203,329128,44894,18529
0,GENERAL ELECTRIC,Corporate,@generalelectric,2011-03-16 21:58:59+00:00,443977,12618,2022,3314,9746,1921,72108,102,157970,233782,38114,6087
0,JPMORGAN CHASE & CO,Corporate,@jpmorgan,2013-02-07 00:35:00+00:00,701653,48,536,4297,13625,1416,561,65,80936,301742,24360,7866
0,PROCTER & GAMBLE,Corporate,@ProcterGamble,2009-03-27 15:23:40+00:00,221418,1248,15574,2241,6420,4192,5805,563,53448,153642,20662,8382
0,ALPHABET INC CLASS A,Corporate,@google,2009-02-10 19:14:39+00:00,27909565,295,3270,93363,25121,1966,143655,220,1835405,5142347,318000,174096
0,ALPHABET INC CLASS A,Corporate,@google,2009-02-10 19:14:39+00:00,27909565,295,3270,93363,25121,1966,143655,220,1835405,5142347,318000,174096
0,PFIZER INC,Corporate,@pfizer,2009-07-13 20:48:42+00:00,489595,2308,566,4313,10348,418,609,139,133256,415481,102579,68648
0,VERIZON COMMUNICATIONS INC,Corporate,@verizon,2009-07-24 21:13:55+00:00,1637799,117,25956,5580,379814,4065,28176,861,264233,858265,117861,33787
0,COCA-COLA,Corporate,@CocaColaCo,2009-03-09 19:07:21+00:00,1179346,26787,2937,2028,9662,873,11103,122,212541,664152,31869,12590
0, INC,Corporate,@HomeDepot,2008-05-15 23:17:44+00:00,441450,27788,3240,3977,75281,904,6606,20,144233,506736,61330,15521
0,MERCK & CO INC,Corporate,@Merck,2009-04-28 02:40:05+00:00,225332,1003,2206,2252,7303,1370,1461,116,85936,259567,19636,7837
0,PHILIP MORRIS INTERNATIONAL INC,Corporate,@InsidePMI,2012-10-30 10:14:32+00:00,30943,126,774,206,5058,305,3136,71,13028,44282,6056,1465
0,INTEL CORPORATION CORP,Corporate,@intel,2007-03-29 07:22:48+00:00,4975762,1403,12921,14470,47808,1505,7200,271,728213,1736495,105571,29225
0,PEPSICO INC,Corporate,@PepsiCo,2009-02-19 22:24:53+00:00,356576,12199,1940,2314,23798,986,19234,62,66495,310029,24617,5844
0,WALT DISNEY,Corporate,@Disney,2009-08-20 20:40:59+00:00,9819819,108,142,15822,13261,2047,4179,14,7669909,24148958,442432,935126
0,CISCO SYSTEMS INC,Corporate,@Cisco,2008-08-06 13:54:57+00:00,742509,2802,13025,8535,18712,2249,2270,181,239407,505750,22275,13405
0,UNITEDHEALTH GROUP INC,Corporate,@UnitedHealthGrp,2012-10-31 15:33:18+00:00,39303,625,2423,351,2830,425,290,94,12041,40296,4982,1793
0,CITIGROUP INC,Corporate,@Citi,2009-10-02 23:45:06+00:00,914019,372,2811,3481,14551,3346,688,249,221122,1167962,32817,9158
0,ALTRIA GROUP INC,Corporate,@AltriaNews,2011-03-17 19:08:54+00:00,9924,98,276,177,2233,137,322,24,2084,6668,1374,327
0,ORACLE CORP,Corporate,@Oracle,2007-03-03 23:54:26+00:00,814669,851,13829,7316,16359,4804,1051,265,232189,551495,15428,17855
0,BRISTOL MYERS SQUIBB,Corporate,@bmsnews,2009-04-21 19:31:42+00:00,157105,1097,1385,1869,8618,688,210,299,69037,163890,9398,4190
0,MEDTRONIC PLC,Corporate,@Medtronic,2009-07-01 20:48:12+00:00,83963,396,382,1064,4674,448,1247,96,30264,89549,5228,4815
0,AMGEN INC,Corporate,@Amgen,2009-04-02 22:32:57+00:00,124617,792,2947,1691,8818,2117,629,249,31744,80772,6070,2290
0,GILEAD SCIENCES INC,Corporate,@GileadSciences,2011-06-02 15:32:31+00:00,72753,205,998,937,4087,313,93,54,39290,160647,9423,6915
0,WALMART STORES INC,Corporate,@Walmart,2008-11-03 19:38:44+00:00,1343275,350,13258,5982,206049,652,150921,364,215205,1141421,182034,60905
0,CVS HEALTH CORP,Corporate,@CVSHealth,2010-03-12 20:58:11+00:00,67224,5364,18282,742,8022,1279,3806,77,42570,100389,16736,5149
0,3M CO,Corporate,@3M,2011-09-22 20:12:19+00:00,1361916,4766,19467,1238,3343,854,8323,154,66453,201021,14569,5802
0,ABBVIE INC,Corporate,@abbvie,2012-03-21 03:42:59+00:00,77771,492,2058,1083,7957,288,523,270,46404,103650,4258,2498
0,ABBVIE INC,Corporate,@abbvie,2012-03-21 03:42:59+00:00,77771,492,2058,1083,7957,288,523,270,46404,103650,4258,2498
0,MASTERCARD INC CLASS A,Corporate,@MasterCard,2009-09-17 13:42:33+00:00,495072,11383,29011,2194,35756,5458,35845,129,175263,598524,101388,11494
0,HONEYWELL INTERNATIONAL INC,Corporate,@Honeywell,2009-08-11 16:53:16+00:00,65821,331,5453,759,2493,569,2132,7,16182,67040,6027,1690
0,BRISTOL MYERS SQUIBB,Corporate,@bmsnews,2009-04-21 19:31:42+00:00,157105,1097,1385,1869,8618,688,210,299,69037,163890,9398,4190
0,BOEING,Corporate,@Boeing,2009-03-18 16:44:27+00:00,658394,252,990,4719,4194,1019,707,79,131948,376085,29387,14756
0,QUALCOMM INC,Corporate,@Qualcomm,2009-10-23 15:55:15+00:00,452203,12307,29268,3545,9415,4287,3293,358,118301,390186,28760,9319
0,STARBUCKS CORP,Corporate,@Starbucks,2006-11-29 19:19:02+00:00,11118472,88083,22897,25213,415872,1005,230829,254,2121540,7466710,385599,261316
0,UNITED TECHNOLOGIES CORP,Corporate,@UTC,2007-06-10 15:55:26+00:00,43867,744,3944,673,2868,3480,364,278,13039,35458,1382,1082
0,UNION PACIFIC CORP,Corporate,@UnionPacific,2008-11-25 20:06:08+00:00,56633,16,656,666,3262,157,462,137,31094,109774,4753,2625
0,ACCENTURE PLC,Corporate,@Accenture,2007-11-12 21:34:00+00:00,551998,1664,8369,6230,35078,917,561,75,180988,375418,16123,8265
0,NIKE INC CLASS B,Corporate,@Nike,2011-11-18 22:31:18+00:00,9617286,117,7010,11394,334447,581,33284,15,1252030,4389107,202222,141292
0,UNITED PARCEL SERVICE INC CLASS B,Corporate,@UPS,2010-06-21 21:34:59+00:00,269979,12027,37042,1729,25573,2118,100400,292,284325,605977,61534,17013
0,ELI LILLY,Corporate,@LillyPad,2010-07-29 21:24:18+00:00,139971,1326,2045,1630,14387,3280,4399,237,44098,120769,24481,8891
0,LOWES COMPANIES INC,Corporate,@Lowes,2009-01-22 12:39:00+00:00,299762,11721,13746,2495,36161,874,177493,90,88395,323305,36803,9577
0,MONDELEZ INTERNATIONAL INC CLASS A,Corporate,@MDLZ,2013-11-26 16:14:22+00:00,32214,2540,2984,444,4447,510,5493,166,18417,72970,3757,2789
0,US BANCORP,Corporate,@usbank,2008-07-24 03:58:55+00:00,44701,0,5381,691,14188,643,20712,96,29672,124377,15745,4222
0,WALGREEN BOOTS ALLIANCE,Corporate,@WBA_Global,2020-02-24 19:48:23+00:00,14042,208,519,54,360,83,24,31,1447,7352,849,310
0,PRICELINE GROUP INC/THE,Corporate,@priceline,2009-02-11 15:17:30+00:00,89148,10269,3217,1487,5791,453,35703,32,15645,16915,8397,246
0,COLGATE-PALMOLIVE,Corporate,@CP_News,2010-04-01 20:52:17+00:00,36503,628,2096,316,1832,586,1914,97,4325,13305,1142,502
0,AMERICAN INTERNATIONAL GROUP INC,Corporate,@AIGinsurance,2010-03-24 22:10:39+00:00,43209,263,701,668,3666,506,3537,37,34803,201602,5454,1804
0,LOCKHEED MARTIN CORP,Corporate,@LockheedMartin,2009-05-27 12:34:04+00:00,509524,387,10619,5030,12007,1396,3874,710,377557,1087894,44878,18311
0,TEXAS INSTRUMENTS INCORPORATED,Corporate,@TXInstruments,2008-02-18 07:30:29+00:00,93029,1452,3824,2085,19767,512,2178,51,51178,98982,3730,1253
0,SIMON PROPERTY GROUP REIT INC,Corporate,@SimonPropertyGp,2011-05-20 02:48:08+00:00,5273,438,372,121,851,250,53,7,891,1334,167,52
0,THERMO FISHER SCIENTIFIC INC,Corporate,@thermofisher,2009-08-04 16:36:54+00:00,65000,700,1561,926,12023,1618,1254,90,21933,120737,3764,3789
0,BROADCOM LTD,Corporate,@Broadcom,2011-07-19 17:43:11+00:00,52440,3478,14,716,4886,216,688,7,39178,42678,1805,179
0,GOLDMAN SACHS GROUP INC,Corporate,@GoldmanSachs,2011-02-16 17:59:09+00:00,973674,10,306,7450,17583,2224,133,257,484667,1744120,103120,31008
0,DANAHER CORP,Corporate,@DanaherCorp,2018-04-19 16:34:38+00:00,327,32,121,2,56,11,0,8,63,227,4,3
0,DOW CHEMICAL,Corporate,@DowNewsroom,2008-08-01 22:16:15+00:00,72009,1910,8623,992,9339,4348,1375,539,36866,62420,4848,3659
0,TIME WARNER INC,Corporate,@wbd,2009-02-26 21:06:07+00:00,154116,3697,5369,1218,10806,2996,1591,401,35016,150946,20016,5428
0,DU PONT DE NEMOURS,Corporate,@DuPont_News,2009-03-12 22:27:38+00:00,67528,228,635,1176,16478,1910,3635,60,35313,23110,4285,735
0,CHUBB LTD,Corporate,@Chubb,2009-05-12 17:40:14+00:00,28572,1071,583,444,5067,1180,84,36,8275,23163,1329,759
0,OCCIDENTAL PETROLEUM CORP,Corporate,@WeAreOxy,2009-05-26 15:05:11+00:00,16544,87,163,216,415,127,16,133,1832,7326,432,229
0,CONOCOPHILLIPS,Corporate,@conocophillips,2009-03-09 15:45:42+00:00,164002,207,2416,1376,4426,596,194,67,15143,16527,1894,528
0,ABBOTT LABORATORIES,Corporate,@AbbottNews,2011-08-22 16:23:33+00:00,120679,4915,5026,1329,8189,789,5780,192,83602,248002,14134,14157
0,NEXTERA ENERGY INC,Corporate,@nexteraenergy,2009-12-02 22:21:59+00:00,5832,3,7,131,224,20,10,8,712,2062,163,123
0,DUKE ENERGY CORP,Corporate,@DukeEnergy,2009-10-09 20:14:52+00:00,119558,2485,14074,1362,9921,1544,38487,34,55528,179375,15833,6646
0,BIOGEN INC,Corporate,@biogen,2010-06-14 18:40:14+00:00,44762,254,1252,674,4698,680,216,138,16382,54732,1734,1535
0,EMC CORP,Corporate,@DellEMC,2022-01-19 00:17:30+00:00,4,0,0,0,0,0,0,0,0,0,0,0
0,SALESFORCE.COM INC,Corporate,@salesforce,2009-04-20 18:34:14+00:00,588789,143147,32029,7459,215118,48,832,2,3044,29602,1519,291
0,TJX INC,Corporate,@tjmaxx,2007-10-19 12:56:12+00:00,348183,10555,15419,1685,4064,2125,17845,10,34084,92152,11650,697
0,FORD MOTOR,Corporate,@Ford,2008-07-31 16:07:55+00:00,1460827,19,12576,7221,35208,472,39462,40,116672,542436,58041,20930
0,KRAFT HEINZ,Corporate,@KraftHeinzCo,2010-02-16 18:10:32+00:00,21781,54,1150,419,410,109,2064,10,895,3242,2499,262
0,ADOBE SYSTEM INC,Corporate,@Adobe,2009-08-07 17:55:30+00:00,842962,223,15221,9897,23016,2149,19164,151,298783,1001233,39322,34812
0,EXPRESS SCRIPTS HOLDING CO,Corporate,@ExpressScripts,2009-05-27 12:09:19+00:00,21654,961,2071,281,3948,1246,3069,129,8275,13230,2618,511
0,MONSANTO,Corporate,@Bayer,2010-04-26 12:35:25+00:00,184683,935,6854,1342,5348,2143,1996,102,40131,80041,11961,3898
0,METLIFE INC,Corporate,@MetLife,2009-09-30 17:40:18+00:00,54783,340,2662,526,4398,563,67094,100,33805,117315,9472,3633
0,KIMBERLY CLARK CORP,Corporate,@KCCorp,2010-06-02 23:11:40+00:00,29599,538,3149,440,2449,2014,1904,16,4950,14684,1589,507
0,SOUTHERN,Corporate,@SouthernCompany,2008-08-15 16:38:36+00:00,59449,954,7244,605,2889,2324,367,273,10980,19941,1475,840
0,AMERICAN TOWER REIT CORP,Corporate,@AmericanTowerUS,2020-04-27 18:43:37+00:00,666,0,0,18,0,0,0,0,0,0,0,0
0,BLACKROCK INC.,Corporate,@blackrock,2009-03-11 12:41:19+00:00,575476,857,525,4961,14958,697,353,51,90169,176707,37870,8724
0,CATERPILLAR INC,Corporate,@CaterpillarInc,2008-06-12 22:00:06+00:00,147788,221,1448,1458,10159,936,2253,147,55519,183188,6381,2710
0,BANK OF NEW YORK MELLON CORP,Corporate,@BNYMellon,2010-07-16 22:33:40+00:00,38754,452,142,721,6390,346,113,44,17156,53767,3728,1068
0,PNC FINANCIAL SERVICES GROUP INC,Corporate,@PNCBank,2009-05-14 18:54:33+00:00,39089,3293,2263,466,4780,148,6122,5,11868,59395,9256,2179
0,DOMINION RESOURCES INC,Corporate,@DominionEnergy,2009-10-15 16:21:15+00:00,64950,3117,9486,1004,8831,1402,29094,161,26728,39390,6952,2373
0,MCKESSON CORP,Corporate,@McKesson,2010-05-27 20:50:35+00:00,22241,278,1239,533,5643,745,63,43,6694,10269,1652,634
0,AETNA INC,Corporate,@Aetna,2008-09-08 18:20:24+00:00,53687,135,956,659,4618,920,10685,31,26324,81633,6615,1685
0,REYNOLDS AMERICAN INC,Corporate,@RAI_News,2012-02-07 14:25:05+00:00,4111,602,505,65,899,177,10,90,1100,3812,195,220
0,FEDEX CORP,Corporate,@FedEx,2010-04-19 18:50:24+00:00,324834,16677,16599,1571,9842,2072,9921,120,161640,439790,77923,19609
0,NETFLIX INC,Corporate,@netflix,2008-10-03 04:16:17+00:00,21231292,2194,14993,20637,305340,14236,21273,707,12386727,65311626,1554283,3798503
0,GENERAL DYNAMICS CORP,Corporate,@GDMS,2012-09-06 20:55:38+00:00,39075,1944,6323,529,2932,605,173,88,9083,21669,1398,584
0,PAYPAL HOLDINGS INC,Corporate,@PayPal,2009-04-09 16:46:17+00:00,930828,938,10905,4226,8341,1280,2376,83,100954,297827,85483,13687
0,RAYTHEON,Corporate,@RaytheonTech,2008-08-27 21:32:47+00:00,196980,280,4679,2599,20134,1905,755,222,149556,293779,20663,8991
0,TARGET CORP,Corporate,@Target,2009-11-11 02:20:36+00:00,2159260,2571,17671,7633,334281,822,97612,136,1170729,4945764,268511,132826
0,AUTOMATIC DATA PROCESSING INC,Corporate,@ADP,2009-02-03 18:52:11+00:00,49000,2746,14068,1001,13745,2711,13365,130,55877,56288,4644,2479
0,MORGAN STANLEY,Corporate,@MorganStanley,2011-12-01 22:24:52+00:00,672047,224,9,4506,12468,778,125,23,167279,528144,53873,16729
0,NORTHROP GRUMMAN CORP,Corporate,@northropgrumman,2008-08-13 19:13:06+00:00,273694,658,3888,2921,9000,2878,779,307,70505,230256,10834,5919
0,HALLIBURTON,Corporate,@Halliburton,2011-04-26 15:51:09+00:00,62636,104,21,573,2253,133,35,26,7644,14466,1229,388
0,GENERAL MILLS INC,Corporate,@GeneralMills,2011-04-11 15:26:07+00:00,104900,60,7736,1024,7405,563,14509,68,25459,45194,7814,4913
0,PHILLIPS 66,Corporate,@Phillips66Co,2011-11-04 20:53:22+00:00,10497,131,949,266,1232,203,96,90,3006,7477,325,233
0,CAPITAL ONE FINANCIAL CORP,Corporate,@CapitalOne,2011-08-29 20:50:38+00:00,214932,313,23329,1025,53189,1949,76228,164,188054,523051,74735,13395
0,COGNIZANT TECHNOLOGY SOLUTIONS COR,Corporate,@Cognizant,2009-08-28 20:31:48+00:00,745950,2855,5054,2998,43218,3013,1091,52,112184,415277,10745,3482
0,PUBLIC STORAGE REIT,Corporate,@PublicStorage,2009-03-19 19:07:28+00:00,4348,509,1222,208,8943,5316,6583,39,2394,3796,1253,203
0,STRYKER CORP,Corporate,@StrykerEndo,2012-02-24 21:45:26+00:00,5396,773,854,62,1042,331,31,13,2168,5126,114,102
0,BECTON DICKINSON,Corporate,@BDandCo,2009-11-24 23:10:59+00:00,13586,710,1243,262,4235,565,169,123,7704,28689,809,806
0,KROGER,Corporate,@kroger,2009-04-29 13:44:43+00:00,165730,295,63365,1515,6018,1401,120959,92,83588,189087,33622,6745
0,ILLINOIS TOOL INC,Corporate,@ITWInc,2010-01-04 19:38:36+00:00,130,0,0,6,0,0,0,0,0,0,0,0
0,CHARLES SCHWAB CORP,Corporate,@CharlesSchwab,2010-04-13 23:47:47+00:00,129051,175,3853,1710,12067,2169,13546,103,36428,100033,16773,4020
0,ANTHEM INC,Corporate,@AnthemInc,2021-11-17 20:19:28+00:00,0,1,2,0,0,0,0,0,0,0,0,0
0,MARSH & MCLENNAN INC,Corporate,@MMC_Global,2021-01-29 18:01:29+00:00,124,0,0,2,0,0,0,0,0,0,0,0
0,EMERSON ELECTRIC,Corporate,@Emerson_News,2009-08-03 21:09:22+00:00,20420,714,923,391,2483,564,92,119,5992,8723,840,466
0,YUM BRANDS INC,Corporate,@yumbrands,2007-09-13 02:27:26+00:00,24263,533,1500,529,2077,617,181,85,5217,13926,1963,279
0,TRAVELERS COMPANIES INC,Corporate,@Travelers,2008-11-26 02:53:10+00:00,65641,628,5698,939,7618,2251,1248,204,46691,62075,2553,3579
0,HEWLETT PACKARD ENTERPRISE,Corporate,@HPE,2010-10-25 12:50:54+00:00,79851,1646,7642,1056,17097,2266,1106,77,94028,479720,14613,6187
0,PRUDENTIAL FINANCIAL INC,Corporate,@Prudential,2013-02-18 21:23:57+00:00,149282,107,15525,593,2499,2995,751,64,82169,416945,19495,5636
0,KINDER MORGAN INC,Corporate,@Kinder_Morgan,2010-01-08 20:53:19+00:00,10515,267,384,236,1350,514,57,67,2285,3330,364,210
0,CIGNA CORP,Corporate,@Cigna,2009-05-04 15:48:14+00:00,51762,2242,5167,834,19449,2189,2965,844,43465,131221,15751,4951
0,DELTA AIR LINES INC,Corporate,@Delta,2007-05-10 04:31:14+00:00,1654793,36562,7799,10100,13694,679,1180490,119,446894,1705561,269605,109033
0,AMERICAN ELECTRIC POWER INC,Corporate,@AEPnews,2009-05-20 15:16:08+00:00,17740,2284,2338,443,5075,2813,3016,62,5042,5081,588,346
0,TWENTY FIRST CENTURY FOX INC CLASS,Corporate,@21CF,2013-05-27 16:57:42+00:00,13036,609,761,173,1007,1417,3,17,10540,23522,1714,3256
0,YAHOO! INC,Corporate,@Yahoo,2009-01-23 04:14:41+00:00,1427781,7523,2350,8279,73153,34457,414,38,692574,656521,115128,77975
0,EXELON CORP,Corporate,@Exelon,2009-08-03 22:44:55+00:00,20357,1382,5166,303,4504,2190,229,265,12195,35385,2311,1518
0,ECOLAB INC,Corporate,@Ecolab,2011-02-11 15:58:53+00:00,22859,1087,1767,358,2770,1097,527,145,10581,54041,2113,935
0,CME GROUP INC CLASS A,Corporate,@CMEGroup,2008-08-21 19:27:14+00:00,690445,6294,5761,5263,30639,5419,2799,76,92066,87473,9165,4492
0,CROWN CASTLE INTERNATIONAL REIT CO,Corporate,@CrownCastle,2014-01-27 21:20:35+00:00,3308,1344,2014,53,1732,219,112,40,2524,7228,230,173
0,BOSTON SCIENTIFIC CORP,Corporate,@bostonsci,2010-11-10 21:10:37+00:00,38756,173,915,514,1825,284,379,128,7887,19913,705,614
0,INTERCONTINENTAL EXCHANGE INC,Corporate,@ICE_Markets,2009-03-20 20:32:51+00:00,57387,3271,1082,857,5952,1030,332,69,17169,38504,2334,1327
0,ALEXION PHARMACEUTICALS INC,Corporate,@AlexionPharma,2011-02-03 06:37:18+00:00,12844,333,550,166,1287,84,18,12,2118,11995,433,317
0,PG&E CORP,Corporate,@PGE4Me,2009-04-15 19:43:47+00:00,148707,1256,1775,1656,8889,2255,4396,141,50556,57801,22739,8632
0,REGENERON PHARMACEUTICALS INC,Corporate,@regeneron,2009-03-06 15:40:42+00:00,31995,297,1165,431,4424,321,434,191,13447,49158,2452,1897
0,AON PLC,Corporate,@Aon_plc,2009-02-27 15:43:53+00:00,39665,1260,621,763,4206,587,143,117,11097,12215,2269,628
0,PPG INDUSTRIES INC,Corporate,@PPG,2009-04-10 02:37:12+00:00,34966,1040,5468,430,5061,1349,135,307,16312,67069,2201,1134
0,BB AND T CORP,Corporate,@TruistNews,2019-06-11 15:33:42+00:00,13553,6,1262,78,688,108,8897,121,4470,40728,3326,1229
0,AFLAC INC,Corporate,@Aflac,2009-03-11 17:41:01+00:00,60117,796,6268,597,6084,288,2217,53,222696,178024,15774,4569
0,S&P GLOBAL INC,Corporate,@SPGlobal,2010-02-01 21:10:41+00:00,35871,868,2173,817,17470,3466,1558,665,16363,35124,1643,1191
0,JOHNSON CONTROLS INC,Corporate,@johnsoncontrols,2013-03-19 13:43:00+00:00,29661,607,623,419,3043,807,310,19,11993,28595,1025,635
0,EATON CORPORATION PLC,Corporate,@eatoncorp,2009-01-15 18:35:27+00:00,34725,2184,1706,692,6231,766,393,147,8916,23264,1216,688
0,AIR PRODUCTS AND CHEMICALS INC,Corporate,@airproducts,2010-01-29 18:52:02+00:00,13564,573,512,261,3624,272,185,42,3815,11475,444,328
0,HUMANA INC,Corporate,@Humana,2009-03-13 12:09:13+00:00,44477,125,5734,674,7257,1137,9170,78,47604,158605,9510,3675
0,OCCIDENTAL PETROLEUM CORP,Corporate,@WeAreOxy,2009-05-26 15:05:11+00:00,16544,87,163,216,415,127,16,133,1832,7326,432,229
0,LYONDELLBASELL INDUSTRIES NV CLASS,Corporate,@LyondellBasell,2010-04-20 17:41:22+00:00,11439,1742,1511,200,1447,351,3,57,5107,29677,437,461
0,INTUIT INC,Corporate,@Intuit,2007-03-13 23:41:34+00:00,81722,32797,9224,2179,10865,1476,14768,99,42164,184960,7866,2381
0,CONSTELLATION BRANDS INC CLASS A,Corporate,@cbrands,2017-08-17 14:54:28+00:00,36932,309,100,140,1025,109,49,55,5378,33341,2912,1275
0,PIONEER NATURAL RESOURCE,Corporate,@PXDtweets,2012-11-29 22:01:10+00:00,1691,236,22,39,224,50,2,11,123,522,31,25
0,DOLLAR GENERAL CORP,Corporate,@DollarGeneral,2009-10-21 14:05:44+00:00,89048,2,6955,580,7063,116,17863,52,13931,29950,7534,1056
0,PPL CORP,Corporate,@PPLCorp,2011-11-29 19:28:40+00:00,1139,115,227,34,1155,277,37,109,1309,3945,109,167
0,EBAY INC,Corporate,@eBay,2009-01-29 12:49:39+00:00,772999,1191,7071,3909,50971,914,16982,142,192530,344661,81173,9537
0,SYNCHRONY FINANCIAL,Corporate,@Synchrony,2008-09-19 17:29:35+00:00,14033,485,1263,246,2852,199,2039,72,12600,63071,4448,1382
0,PROLOGIS REIT INC,Corporate,@Prologis,2010-01-25 16:32:00+00:00,12389,1290,587,361,4184,964,143,179,7242,13532,348,415
0,CARDINAL HEALTH INC,Corporate,@cardinalhealth,2011-02-22 22:41:04+00:00,17441,1244,3663,413,3336,330,1169,195,4943,9187,545,380
0,ARCHER DANIELS MIDLAND,Corporate,@ADMupdates,2011-08-19 16:36:53+00:00,8639,210,270,173,1107,34,26,60,2716,8248,675,510
0,CSX CORP,Corporate,@CSX,2008-08-04 16:51:02+00:00,47680,173,1087,633,5393,372,135,112,21529,60870,4609,1122
0,DEERE & CO,Corporate,@JohnDeere,2009-01-07 16:19:31+00:00,217306,333,10521,1346,17867,572,5336,221,93535,396903,13187,7605
0,WASTE MANAGEMENT INC,Corporate,@WasteManagement,2008-11-25 22:39:32+00:00,47080,1409,6481,731,10427,2765,21637,130,33736,64587,5445,2635
0,SEMPRA ENERGY,Corporate,@SempraEnergy,2021-06-15 21:26:26+00:00,0,1,0,1,0,0,0,0,0,0,0,0
0,SYSCO CORP,Corporate,@Sysco,2012-09-14 15:52:11+00:00,15201,746,3122,224,2767,467,1313,60,5916,17794,1084,596
0,EQUINIX REIT INC,Corporate,@Equinix,2009-04-07 00:22:41+00:00,26252,1187,2513,587,15028,1212,190,52,23170,36874,906,1415
0,ALLSTATE CORP,Corporate,@Allstate,2008-04-01 14:59:28+00:00,85984,4523,5704,1233,11405,1042,27315,67,40794,84391,12778,2456
0,WELLTOWER INC,Corporate,@Welltower,2015-09-14 18:33:56+00:00,1025,133,192,29,143,65,1,9,311,899,11,59
0,NORFOLK SOUTHERN CORP,Corporate,@nscorp,2009-08-17 20:18:54+00:00,45071,2824,6915,488,5977,2091,2307,438,22179,69401,3381,1056
0,OREILLY AUTOMOTIVE INC,Corporate,@oreillyauto,2009-04-17 18:43:06+00:00,40833,331,3091,198,4207,444,981,108,15348,24381,4365,356
0,HCA HOLDINGS INC,Corporate,@HCAhealthcare,2009-08-10 18:56:51+00:00,16392,688,1878,302,3860,729,214,345,8614,24932,795,1600
0,BAXTER INTERNATIONAL INC,Corporate,@baxter_intl,2009-06-11 22:36:47+00:00,15874,4,72,534,1859,176,6,31,4388,11443,372,270
0,INTUITIVE SURGICAL INC,Corporate,@IntuitiveSurg,2012-06-07 19:27:20+00:00,12497,38,330,162,967,25,97,5,2833,10348,220,311
0,NVIDIA CORP,Corporate,@nvidia,2009-07-30 18:25:14+00:00,1936475,40,4230,7177,5596,3596,2680,96,161280,413745,32177,8956
0,STATE STREET CORP,Corporate,@StateStreet,2011-07-08 21:24:35+00:00,54306,1420,4705,709,9332,875,273,70,17941,35413,2584,910
0,EDISON INTERNATIONAL,Corporate,@edisonintl,2011-05-24 18:59:31+00:00,3326,464,475,102,1436,572,240,39,1554,1648,111,104
0,FISERV INC,Corporate,@Fiserv,2008-12-31 14:24:51+00:00,24102,1265,3107,763,8659,2058,439,172,14861,30956,1024,1106
0,HP INC,Corporate,@HP,2008-11-05 18:01:46+00:00,1185346,2461,8321,6158,20827,710,32450,22,182873,365352,44759,7560
0,ELECTRONIC ARTS INC,Corporate,@EA,2008-06-25 18:19:20+00:00,6636834,347,6998,18352,6956,4948,17732,208,502479,1585630,242456,89808
0,DISCOVER FINANCIAL SERVICES,Corporate,@Discover,2008-09-05 18:11:30+00:00,104455,50,1432,943,12319,489,130292,2,26272,144729,18763,4114
0,EQUITY RESIDENTIAL REIT,Corporate,@EquityRes,2011-08-08 17:58:55+00:00,2132,179,318,52,446,220,668,26,58,293,138,18
0,CORNING INC,Corporate,@Corning,2009-08-13 20:19:59+00:00,30261,745,2791,478,6583,881,656,124,11655,28946,1087,678
0,AVALONBAY COMMUNITIES REIT INC,Corporate,@AvalonBay,2008-08-21 05:48:26+00:00,5387,1715,711,138,2172,260,205,28,548,2925,189,50
0,TE CONNECTIVITY LTD,Corporate,@TEConnectivity,2009-04-06 07:39:24+00:00,40094,551,2182,554,7675,635,428,132,61535,366043,4957,1693
0,VENTAS REIT INC,Corporate,@VentasREIT,2017-09-19 20:37:02+00:00,52,56,10,0,5,5,0,0,0,1,0,3
0,SHERWIN WILLIAMS,Corporate,@SherwinWilliams,2010-02-04 18:00:56+00:00,140363,556,12407,722,3209,811,7700,87,30278,94622,11644,3466
0,AUTOZONE INC,Corporate,@autozone,2011-04-06 21:14:47+00:00,40528,120,3701,288,3373,671,12531,97,9818,19108,7164,482
0,VERTEX PHARMACEUTICALS INC,Corporate,@VertexPharma,2008-11-21 18:52:48+00:00,69850,93,1109,791,2397,324,164,106,8862,28378,1917,1189
0,WEYERHAEUSER REIT,Corporate,@Weyerhaeuser,2011-09-15 20:28:59+00:00,5542,823,1008,136,1253,603,115,51,1928,4471,236,212
0,SPECTRA ENERGY CORP,Corporate,@SpectraEnergy,2010-05-07 18:40:12+00:00,6992,491,2,173,940,161,16,5,1578,984,108,70
0,PUBLIC SERVICE ENTERPRISE GROUP IN,Corporate,@PSEGNews,2011-01-06 17:19:53+00:00,20661,357,1316,334,5683,1202,1813,104,6184,8869,2189,400
0,CONSOLIDATED EDISON INC,Corporate,@ConEdison,2009-02-06 19:13:04+00:00,43242,3325,3246,773,4832,910,30927,112,25555,34314,9681,2928
0,NEWELL BRANDS INC,Corporate,@newell_brands,2010-03-09 23:31:29+00:00,4642,378,1030,137,2979,471,399,25,2321,5227,348,147
0,CBS CORP- CLASS B,Corporate,@CBSTweet,2009-03-26 18:31:32+00:00,348578,2602,11025,3593,16607,23365,75,73,224163,380000,29257,7735
0,ST JUDE MEDICAL INC,Corporate,@SJM_Media,2013-04-08 22:37:55+00:00,2724,143,118,41,575,90,0,2,883,911,37,18
0,ZOETIS INC CLASS A,Corporate,@Zoetis,2012-05-06 19:08:27+00:00,15423,374,637,187,1212,691,177,77,4101,10316,291,347
0,EDWARDS LIFESCIENCES CORP,Corporate,@EdwardsLifesci,2015-02-24 23:40:47+00:00,10313,243,279,91,1670,129,54,35,3842,25347,241,296
0,ROSS STORES INC,Corporate,@Ross_Stores,2015-11-16 23:30:56+00:00,3592,48,12,26,1,11,0,0,21,167,17,3
0,MONSTER BEVERAGE CORP,Corporate,@MonsterEnergy,2009-08-05 20:51:48+00:00,3035524,969,14596,18277,703224,4522,25536,98,705394,2152355,82813,18830
0,BB AND T CORP,Corporate,@TruistNews,2019-06-11 15:33:42+00:00,13550,6,1262,78,688,108,8897,121,4470,40728,3326,1229
0,XCEL ENERGY INC,Corporate,@xcelenergy,2010-01-21 16:56:28+00:00,10981,1446,763,336,2658,164,3427,12,2127,3969,462,198
0,CARNIVAL CORP,Corporate,@CarnivalPLC,2014-09-08 16:35:42+00:00,25112,271,14,281,4187,8648,0,194,10095,22400,2385,630
0,DOLLAR TREE INC,Corporate,@DollarTree,2009-12-04 13:31:07+00:00,186101,62665,87,825,4977,4,19,0,16972,49914,7489,1113
0,VF CORP,Corporate,@VFCorp,2015-04-24 16:55:01+00:00,12187,367,1271,54,1229,436,18,95,1894,9072,499,618
0,ZIMMER BIOMET HOLDINGS INC,Corporate,@zimmerbiomet,2011-02-27 19:04:27+00:00,11073,269,159,164,4895,56,64,9,2275,5290,337,144
0,APACHE CORP,Corporate,@APA_Corp,2009-07-15 18:41:34+00:00,11736,258,108,248,836,131,6,29,1409,2179,166,92
0,ILLUMINA INC,Corporate,@illumina,2009-06-10 15:59:29+00:00,99532,9335,12260,1386,12724,3068,1297,369,36090,144632,4420,3648
0,BAKER HUGHES INC,Corporate,@bakerhughesco,2009-01-22 19:24:23+00:00,70341,983,2781,780,3270,562,138,49,13633,24345,1022,820
0,FIDELITY NATIONAL INFORMATION SERV,Corporate,@FISGlobal,2009-10-07 16:46:35+00:00,25618,1183,3390,450,6528,1745,228,344,12489,32797,1065,1154
0,ESTEE LAUDER INC CLASS A,Corporate,@EsteeLauder,2011-04-29 18:12:39+00:00,411608,439,7158,1664,6922,921,7090,21,92718,276245,9425,2715
0,CONAGRA FOODS INC,Corporate,@ConagraBrands,2009-11-24 20:30:48+00:00,22929,824,5811,552,3308,1200,5799,110,8337,10549,3274,287
0,OMNICOM GROUP INC,Corporate,@Omnicom,2013-08-12 21:32:16+00:00,21265,2158,6683,610,3269,4264,136,237,9753,15612,531,589
0,JOHNSON CONTROLS INC,Corporate,@johnsoncontrols,2013-03-19 13:43:00+00:00,29661,607,623,419,3043,807,310,19,11993,28595,1025,635
0,BECTON DICKINSON,Corporate,@BDandCo,2009-11-24 23:10:59+00:00,13586,710,1243,262,4235,565,169,123,7704,28689,809,806
0,CBS CORP- CLASS B,Corporate,@CBSTweet,2009-03-26 18:31:32+00:00,348578,2602,11025,3593,16607,23365,75,73,224163,380000,29257,7735
0,TWENTY FIRST CENTURY FOX INC CLASS,Corporate,@21CF,2013-05-27 16:57:42+00:00,13036,609,761,173,1007,1417,3,17,10540,23522,1714,3256
0,SOUTHERN,Corporate,@SouthernCompany,2008-08-15 16:38:36+00:00,59449,954,7244,605,2889,2324,367,273,10980,19941,1475,840
0,RAYTHEON,Corporate,@RaytheonTech,2008-08-27 21:32:47+00:00,196980,280,4679,2599,20134,1905,755,222,149556,293779,20663,8991
0,DOMINION RESOURCES INC,Corporate,@DominionEnergy,2009-10-15 16:21:15+00:00,64950,3117,9486,1004,8831,1402,29094,161,26728,39390,6952,2373
0,BROADCOM LTD,Corporate,@Broadcom,2011-07-19 17:43:11+00:00,52440,3478,14,716,4886,216,688,7,39178,42678,1805,179
0,NIELSEN HOLDINGS PLC,Corporate,@Nielsen,2008-08-26 14:21:54+00:00,196440,1484,13826,7042,17656,1154,1998,67,100510,106826,6310,4755
0,BOSTON PROPERTIES REIT INC,Corporate,@SustainableBXP,2017-10-11 15:29:45+00:00,774,170,598,14,28,86,3,7,63,278,5,19
0,PACCAR INC,Corporate,@PACCARFinancial,2011-10-13 22:39:30+00:00,887,30,11,14,124,3,0,0,10,23,2,0
0,WEC ENERGY GROUP INC,Corporate,@WECEnergyGroup,2014-06-21 21:25:59+00:00,634,4,17,28,203,11,17,16,103,300,9,42
0,KELLOGG,Corporate,@KelloggCompany,2012-01-03 19:03:03+00:00,77354,522,1909,481,2018,815,505,245,9177,22746,4667,1873
0,MARATHON PETROLEUM CORP,Corporate,@MarathonPetroCo,2011-06-20 20:14:06+00:00,9175,620,1638,181,1523,273,292,172,3373,12183,579,307
0,ACTIVISION BLIZZARD INC,Corporate,@ATVI_AB,2016-07-14 19:21:13+00:00,186126,47,539,811,562,561,41,102,42739,649890,18974,6672
0,CUMMINS INC,Corporate,@Cummins,2009-11-03 22:26:00+00:00,125029,549,3559,549,2329,1141,819,126,12929,39463,1968,1388
0,PROGRESSIVE CORP,Corporate,@Progressive,2007-04-03 15:35:06+00:00,76224,7065,11388,822,3302,341,17092,104,30069,44949,10053,3742
0,DELPHI AUTOMOTIVE PLC,Corporate,@DelphiAuto,2017-09-08 17:50:33+00:00,223,0,0,6,0,0,0,0,0,0,0,0
0,DEVON ENERGY CORP,Corporate,@DevonEnergy,2009-02-23 03:51:18+00:00,15160,198,1430,311,626,549,78,128,1024,3514,206,174
0,MOLSON COORS BREWING CLASS B,Corporate,@MolsonCoors,2011-12-20 16:58:10+00:00,34561,2509,8069,423,8762,872,2066,300,33440,147279,7837,8047
0,NEWMONT MINING CORP,Corporate,@NewmontCorp,2011-12-15 20:55:38+00:00,25383,699,1988,342,4917,856,234,105,10629,39395,1154,625
0,MYLAN NV,Corporate,@MylanNews,2011-05-05 22:35:21+00:00,11223,281,681,182,0,0,0,0,0,0,0,0
0,M&T BANK CORP,Corporate,@MandT_Bank,2009-10-14 15:17:15+00:00,12888,1570,1695,276,3737,216,984,61,5072,22627,2301,844
0,AMPHENOL CORP CLASS A,Corporate,@amphenol,2013-07-08 13:52:34+00:00,1111,26,7,27,45,5,0,4,16,99,14,3
0,T ROWE PRICE GROUP INC,Corporate,@TRowePrice,2009-01-05 18:30:16+00:00,31283,540,711,643,9679,47,1425,30,5394,15708,1556,392
0,EVERSOURCE ENERGY,Corporate,@EversourceCorp,2009-02-02 21:16:26+00:00,10138,215,145,287,672,572,431,68,1164,2294,313,87
0,TYSON FOODS INC CLASS A,Corporate,@TysonFoods,2008-08-13 12:42:52+00:00,58837,16504,9565,910,3637,2734,3856,127,13221,32261,9846,2037
0,INTERNATIONAL PAPER,Corporate,@IntlPaperCo,2013-05-24 15:02:24+00:00,9025,129,4760,187,3324,1562,187,296,6148,20877,1092,725
0,WILLIS TOWERS WATSON PLC,Corporate,@WTWcorporate,2015-09-04 09:11:50+00:00,7191,107,2858,182,3127,1678,48,55,6783,12229,294,296
0,ANALOG DEVICES INC,Corporate,@ADI_News,2009-05-04 18:38:05+00:00,46968,793,2062,920,7433,3094,926,46,12460,56642,949,1144
0,PAYCHEX INC,Corporate,@Paychex,2009-05-13 13:35:10+00:00,12058,756,3766,379,13326,1908,2106,134,12049,14059,890,557
0,HARTFORD FINANCIAL SERVICES GROUP,Corporate,@TheHartford,2009-01-27 20:40:09+00:00,39626,234,1409,705,3161,824,1936,150,8421,14623,1555,387
0,STANLEY BLACK & DECKER INC,Corporate,@StanleyBlkDeckr,2010-02-26 16:34:00+00:00,9547,198,1570,195,1815,220,204,119,5836,31623,935,948
0,DR PEPPER SNAPPLE GROUP INC,Corporate,@KeurigPepper,2019-05-14 14:51:50+00:00,414,100,15,9,6,1,0,0,16,31,9,4
0,CERNER CORP,Corporate,@Cerner,2009-04-23 19:56:09+00:00,43914,1971,11287,1029,13622,5493,2753,507,30937,51541,2161,3512
0,JM SMUCKER,Corporate,@smuckers,2011-06-10 21:35:09+00:00,27622,358,28954,270,955,324,5119,12,16746,23370,1991,765
0,MOODYS CORP,Corporate,@moodyscorp,2011-02-23 19:46:45+00:00,2719,652,389,44,786,846,16,67,1002,2334,209,155
0,AMERIPRISE FINANCE INC,Corporate,@ameriprise,2010-07-07 20:48:05+00:00,6995,507,5,187,905,15,149,0,2449,1884,145,86
0,CLOROX,Corporate,@Clorox,2009-09-22 19:52:27+00:00,104075,5050,4477,678,2970,335,18110,51,45455,79085,23968,3263
0,DTE ENERGY,Corporate,@DTE_Energy,2009-07-14 13:28:57+00:00,29876,1553,7608,523,13858,1905,14399,251,19828,30827,6715,1763
0,INGERSOLL-RAND PLC,Corporate,@IRProducts,2009-10-21 15:39:13+00:00,8161,440,581,113,2379,342,254,34,3408,4968,503,125
0,CONCHO RESOURCES INC,Corporate,@ConchoOilfield,2013-05-21 23:43:09+00:00,47,39,0,1,16,0,0,0,1,1,0,0
0,NUCOR CORP,Corporate,@NucorCorp,2011-08-24 14:19:06+00:00,3323,46,86,78,0,0,0,0,0,0,0,0
0,GENERAL GROWTH PROPERTIES REIT INC,Corporate,@Brkfldproprtl,2009-04-18 04:47:50+00:00,7744,931,969,169,655,40,50,0,558,1756,116,55
0,REALTY INCOME REIT CORP,Corporate,@RealtyIncome,2012-01-26 21:20:36+00:00,5867,5,2,80,335,2,1,0,1234,7671,293,333
0,HESS CORP,Corporate,@HessCorporation,2009-06-05 21:07:30+00:00,8903,469,474,214,1455,121,46,12,2275,4937,217,147
0,WILLIAMS INC,Corporate,@WilliamsUpdates,2009-01-22 22:34:15+00:00,7338,1895,2202,135,4830,576,78,104,4718,12888,1189,524
0,UNITED CONTINENTAL HOLDINGS INC,Corporate,@united,2011-03-04 21:23:11+00:00,1163409,40483,7214,6436,20276,692,1241415,201,352811,1598629,260835,91769
0,MEAD JOHNSON NUTRITION,Corporate,@meadjohnson,2009-05-20 19:34:07+00:00,1131,0,0,35,0,0,0,0,0,0,0,0
0,ROCKWELL AUTOMATION INC,Corporate,@ROKAutomation,2009-06-04 14:28:40+00:00,41705,2344,13909,756,8770,2253,829,359,15429,31595,789,1167
0,PARKER-HANNIFIN CORP,Corporate,@ParkerHannifin,2010-02-08 12:58:33+00:00,17255,4789,4756,493,16185,1262,841,531,26364,31247,2950,769
0,VULCAN MATERIALS,Corporate,@Vulcan_Concrete,2011-09-23 16:37:47+00:00,470,1,0,9,0,0,0,0,0,0,0,0
0,DENTSPLY SIRONA INC,Corporate,@DentsplySirona,2010-04-12 14:44:36+00:00,11953,1782,282,112,2814,731,126,1,3503,6775,331,171
0,NORTHERN TRUST CORP TRUST,Corporate,@NorthernTrust,2011-05-31 14:41:10+00:00,18398,739,511,365,2938,870,91,72,4148,9213,425,310
0,LEVEL COMMUNICATIONS INC,Corporate,@CenturyLink,2009-06-02 19:07:02+00:00,39026,444,3381,692,4923,2045,2506,366,12306,24893,8292,2165
0,ULTA SALON COSMETICS & FRAGRANCE I,Corporate,@ultabeauty,2009-04-01 16:14:57+00:00,679327,544,12962,2635,7657,1306,81813,80,133546,606400,40508,22050
0,AGILENT TECHNOLOGIES INC,Corporate,@Agilent,2008-11-10 01:54:27+00:00,29691,64,1173,635,3707,347,96,18,4643,8786,274,252
0,DIGITAL REALTY TRUST REIT INC TRUS,Corporate,@digitalrealty,2009-05-15 14:03:22+00:00,24817,254,6091,438,8112,1609,213,103,9037,12193,473,378
0,EQUIFAX INC,Corporate,@Equifax,2011-03-18 00:38:16+00:00,23284,905,140,257,715,137,8775,12,2122,2815,6132,1876
0,HENRY SCHEIN INC,Corporate,@HenrySchein,2008-11-25 03:38:50+00:00,25719,9160,3156,240,4469,536,680,36,4173,7221,684,234
0,PERRIGO PLC,Corporate,@PerrigoCompany,2013-05-15 13:56:53+00:00,1096,39,64,23,712,16,28,7,293,1142,49,43
0,LEVEL COMMUNICATIONS INC,Corporate,@CenturyLink,2009-06-02 19:07:02+00:00,39025,444,3380,692,9846,4090,5012,732,24614,49786,16584,4330
0,FIFTH THIRD BANCORP,Corporate,@FifthThird,2010-12-27 22:47:48+00:00,39229,305,9912,415,6524,1554,23123,106,36076,165399,13248,3483
0,AMERISOURCEBERGEN CORP,Corporate,@Healthcare_ABC,2011-04-27 15:55:37+00:00,5844,482,1103,160,3327,893,69,81,3886,9573,379,257
0,GENUINE PARTS,Corporate,@genuinepartsco,2019-02-04 16:04:47+00:00,510,57,346,6,175,76,23,42,123,1024,36,24
0,FIRSTENERGY CORP,Corporate,@firstenergycorp,2009-07-24 17:30:35+00:00,9557,29,1032,212,3620,1262,2824,80,9029,10793,1335,864
0,RED HAT INC,Corporate,@RedHat,2008-05-02 16:03:09+00:00,258877,1108,8392,4687,24207,9882,1380,545,170155,299529,8580,10944
0,ENTERGY CORP,Corporate,@Entergy,2009-04-22 21:37:29+00:00,20468,324,3411,427,5919,1642,4961,115,10359,16081,2229,821
0,WHIRLPOOL CORP,Corporate,@WhirlpoolCorp,2008-11-10 15:29:24+00:00,32310,1236,5109,596,11216,1412,3527,310,17264,36387,7295,1424
0,HERSHEY FOODS,Corporate,@Hersheys,2011-05-18 14:19:04+00:00,298851,4995,4184,1146,6740,723,12747,46,71410,256925,29472,7086
0,AMERICAN WATER WORKS INC,Corporate,@awwa,2009-12-07 16:56:18+00:00,28717,769,13532,554,10045,2797,834,196,12804,28888,962,1572
0,ESSEX PROPERTY TRUST REIT INC,Corporate,@EssexApartments,2009-03-20 04:53:16+00:00,3411,253,236,88,2216,59,285,12,261,1084,198,11
0,NATIONAL OILWELL VARCO INC,Corporate,@NOVGlobal,2014-06-25 21:19:48+00:00,6284,308,593,95,1419,154,50,14,2748,5843,173,190
0,FREEPORT MCMORAN INC,Corporate,@FM_FCX,2011-05-13 15:08:27+00:00,3397,91,196,89,226,29,1,12,524,2336,439,94
0,WESTERN DIGITAL CORP,Corporate,@WesternDigital,2017-02-02 23:22:45+00:00,181390,595,2608,391,2682,619,1976,63,18197,176064,3836,1280
0,CITRIX SYSTEMS INC,Corporate,@citrix,2008-01-21 13:31:17+00:00,218838,1285,28943,2115,21142,5487,5281,641,158580,944058,14914,7697
0,LABORATORY CORPORATION OF AMERICA,Corporate,@LABCORP,2009-07-16 02:23:30+00:00,7147,234,481,103,682,68,1112,45,2204,7487,686,284
0,LAM RESEARCH CORP,Corporate,@LamResearch,2008-10-10 18:32:29+00:00,23527,185,992,370,6259,330,325,95,7400,23255,748,382
0,EQT CORP,Corporate,@EQTCorp,2013-12-26 13:37:02+00:00,2459,210,661,33,850,234,36,69,1241,6398,295,289
0,FASTENAL,Corporate,@FastenalCompany,2010-01-28 14:06:00+00:00,13118,319,2731,159,3647,921,498,88,11864,14035,1291,320
0,SKYWORKS SOLUTIONS INC,Corporate,@skyworksinc,2009-06-23 22:34:02+00:00,2846,88,86,95,1639,37,0,13,592,1598,73,40
0,AUTODESK INC,Corporate,@autodesk,2009-04-16 16:34:16+00:00,290771,4072,4622,3695,10025,1956,939,98,92799,148358,5502,6435
0,MICRON TECHNOLOGY INC,Corporate,@MicronTech,2009-01-15 20:35:42+00:00,28255,1502,3506,558,4003,787,265,253,9853,40027,2285,1552
0,ALCOA INC,Corporate,@Alcoa,2008-06-11 15:24:02+00:00,27905,5072,3026,679,4457,699,525,119,6789,8565,983,271
0,ROYAL CARIBBEAN CRUISES LTD,Corporate,@RoyalCaribbean,2009-04-28 18:43:36+00:00,351638,1163,29144,2157,8994,420,81432,133,175800,843201,56577,18205
0,EXPEDIA INC,Corporate,@Expedia,2008-11-13 14:36:18+00:00,449729,14880,27883,5697,52002,3096,77968,2500,147008,282379,247973,12590
0,WW GRAINGER INC,Corporate,@grainger,2010-06-14 12:24:15+00:00,26275,1193,2393,264,6230,694,2887,123,13549,39646,2959,1098
0,FRANKLIN RESOURCES INC,Corporate,@FTI_US,2011-07-18 17:50:34+00:00,97543,292,6,703,11931,294,127,55,80251,371782,29453,18314
0,DAVITA HEALTHCARE PARTNERS INC,Corporate,@DaVita,2009-04-03 22:50:07+00:00,15279,52,4255,261,11474,1972,1678,109,15071,40173,1923,688
0,MARRIOTT INTERNATIONAL INC CLASS A,Corporate,@Marriott,2008-04-12 15:27:45+00:00,350006,167,20311,2408,4961,744,75861,73,32698,47354,13075,773
0,MOHAWK INDUSTRIES INC,Corporate,@mhkgreenworks,2009-04-09 18:58:30+00:00,555,21,0,18,11,13,0,1,18,16,24,0
0,MARRIOTT INTERNATIONAL INC CLASS A,Corporate,@Marriott,2008-04-12 15:27:45+00:00,350005,167,20309,2408,9922,1488,151722,146,65394,94708,26151,1546
0,REGIONS FINANCIAL CORP,Corporate,@RegionsNews,2013-09-03 20:12:00+00:00,5395,1876,1631,76,9604,1048,49,40,5452,10540,697,583
0,UNIVERSAL HEALTH SERVICES INC CLAS,Corporate,@UHS_Inc,2011-03-10 19:40:07+00:00,1533,426,2827,41,1180,1024,26,107,951,4248,203,119
0,AMEREN CORP,Corporate,@AmerenCorp,2009-07-10 10:31:28+00:00,29398,290,1769,366,2640,285,478,93,3828,5982,464,216
0,VERISK ANALYTICS INC,Corporate,@Verisk,2009-03-18 21:39:52+00:00,4168,1073,1728,214,9819,1053,56,82,6286,37771,281,322
0,MARTIN MARIETTA MATERIALS INC.,Corporate,@MartinMarietta,2010-08-20 20:32:28+00:00,1099,0,0,18,0,0,0,0,0,0,0,0
0,KIMCO REALTY REIT CORP,Corporate,@kimcorealty,2010-03-12 15:09:41+00:00,7672,862,491,169,1869,508,191,13,1303,1834,156,69
0,INVESCO LTD,Corporate,@InvescoUS,2011-01-20 20:53:50+00:00,229825,522,18,894,3914,1965,35,19,25837,143503,6085,1068
0,CITIZENS FINANCIAL GROUP INC,Corporate,@CitizensBank,2010-11-01 22:01:21+00:00,25147,134,10667,320,13090,856,18957,86,25657,94035,9550,2394
0,MARATHON OIL CORP,Corporate,@MarathonOil,2008-08-07 17:52:36+00:00,105798,846,10,741,2396,1187,113,54,4347,5725,549,183
0,CMS ENERGY CORP,Corporate,@ConsumersEnergy,2009-08-07 14:30:59+00:00,17248,1906,5402,319,7802,3413,9330,217,11586,26406,2610,1828
0,XILINX INC,Corporate,@XilinxInc,2009-05-06 23:11:19+00:00,39885,740,1988,854,7315,3103,546,144,19836,38146,874,1195
0,CABOT OIL & GAS CORP,Corporate,@CoterraEnergy,2011-06-15 13:21:57+00:00,22439,588,736,276,3897,890,145,47,7006,6497,661,378
0,ROCKWELL COLLINS INC,Corporate,@CollinsAero,2008-03-17 14:10:24+00:00,47527,1477,11086,849,8417,1133,440,300,17753,65730,1418,1918
0,REPUBLIC SERVICES INC,Corporate,@RepublicService,2011-01-10 03:18:33+00:00,14205,2613,3159,178,2536,733,6938,85,5456,16102,1422,547
0,GLOBAL PAYMENTS INC.,Corporate,@GlobalPayInc,2012-01-30 20:11:25+00:00,5362,396,716,147,2182,313,210,54,2029,5572,203,180
0,PRINCIPAL FINANCIAL GROUP INC,Corporate,@principal,2010-07-08 18:06:54+00:00,16247,695,4756,346,8197,1073,1758,143,26327,49161,3418,881
0,CENTENE CORP.,Corporate,@Centene,2009-03-12 19:46:37+00:00,5754,64,46,144,1183,26,7,1,935,4222,489,144
0,MCCORMICK & CO NON-VOTING INC,Corporate,@McCormickCorp,2015-02-11 21:31:52+00:00,106580,197,588,105,1455,88,639,85,16548,78606,4435,1358
0,ADVANCE AUTO PARTS INC,Corporate,@AdvanceAuto,2009-09-23 21:31:49+00:00,43972,358,10335,298,15684,2137,10388,1009,21529,88779,11849,2077
0,AMETEK INC,Corporate,@AMETEKInc,2011-02-24 14:08:24+00:00,3384,513,831,73,1215,1157,23,26,612,1709,62,88
0,L-3 COMMUNICATIONS HOLDINGS INC,Corporate,@L3HarrisTech,2009-11-03 16:41:25+00:00,20627,855,1687,504,7319,479,47,647,16784,55422,1679,1148
0,LINEAR TECHNOLOGY CORP,Corporate,@LinearTech,2009-03-26 18:10:24+00:00,19697,2244,1849,339,1313,494,13,2,1031,1268,81,28
0,CIMAREX ENERGY,Corporate,@Cimarex,2017-03-03 13:58:57+00:00,201,7,0,5,1,1,0,0,0,2,0,0
0,KLA TENCOR CORP,Corporate,@KLAcorp,2011-05-12 22:36:17+00:00,4109,1068,645,114,2630,226,50,87,922,4408,164,153
0,WATER CORP CORP,Corporate,@watercorpwa,2010-04-16 02:44:20+00:00,10008,2763,4100,173,4987,799,2452,255,6304,9822,893,431
0,ACUITY BRANDS INC.,Corporate,@AcuityBrands,2009-04-20 13:10:35+00:00,7082,310,2479,124,3831,479,269,84,3837,8413,247,220
0,MICROCHIP TECHNOLOGY INC,Corporate,@MicrochipTech,2008-09-18 19:07:39+00:00,55548,405,6870,1109,12465,5668,1404,100,22925,51331,1215,3285
0,QUEST DIAGNOSTICS INC,Corporate,@QuestDX,2009-09-22 23:06:29+00:00,12697,634,4380,259,3923,1465,5704,163,5196,10718,1137,561
0,CAMPBELL SOUP,Corporate,@CampbellSoupCo,2009-05-01 18:35:16+00:00,95564,70,2355,852,4130,889,1902,97,12714,31672,6688,2307
0,EXTRA SPACE STORAGE INC.,Corporate,@extraspace,2008-11-14 03:49:17+00:00,5941,1718,2122,145,7193,256,6991,35,2279,3187,1328,161
0,DOVER CORP,Corporate,@DoverCorp,2012-06-07 18:53:15+00:00,1048,75,38,13,551,7,0,7,398,1203,29,40
0,PENTAIR,Corporate,@Pentair,2015-03-04 20:19:20+00:00,3959,465,1600,63,646,48,361,47,982,3775,167,143
0,FEDERAL REALTY INVESTMENT TRUST RE,Corporate,@FederalRealty,2009-09-23 15:35:49+00:00,2499,233,1624,92,694,855,91,74,464,755,63,39
0,MATTEL INC,Corporate,@Mattel,2009-12-21 20:01:40+00:00,203087,986,20493,674,3168,885,14171,95,1091791,3825458,133028,119087
0,MOTOROLA SOLUTIONS INC,Corporate,@MotoSolutions,2010-09-27 11:21:04+00:00,27456,3120,10797,449,13236,1839,2265,418,29948,45395,1778,1114
0,COACH INC,Corporate,@Coach,2009-09-10 19:38:59+00:00,616653,778,6836,3470,10701,1195,2520,55,282336,867272,27975,14542
0,LOEWS CORP,Corporate,@Lcareers,2011-12-15 19:42:40+00:00,60,52,0,2,94,0,0,0,0,2,3,0
0,LINCOLN NATIONAL CORP,Corporate,@lincolnfingroup,2009-06-19 02:28:08+00:00,10690,271,2099,200,4541,423,552,124,22205,80708,6066,1579
0,TEXTRON INC,Corporate,@Textron,2013-06-07 21:25:16+00:00,11745,140,2327,245,878,4650,15,65,823,3234,162,83
0,CH ROBINSON WORLDWIDE INC,Corporate,@CHRobinsonInc,2017-03-07 21:58:47+00:00,77,51,0,1,1,1,0,0,2,2,1,0
0,BALL CORP,Corporate,@BallCorpHQ,2009-03-05 22:03:23+00:00,6993,1943,2028,151,2274,351,188,162,2964,11345,815,405
0,EASTMAN CHEMICAL,Corporate,@EastmanChemCo,2009-09-24 16:26:09+00:00,10001,525,1484,209,1462,291,48,81,2080,5178,216,223
0,SYMANTEC CORP,Corporate,@symantec,2008-11-19 01:12:57+00:00,200052,3370,32472,3913,19186,2813,2856,95,175781,154290,11051,3144
0,HANESBRANDS INC,Corporate,@Hanes,2009-04-22 17:40:12+00:00,27504,94,2426,316,1456,162,9071,70,11946,17024,8222,800
0,D R HORTON INC,Corporate,@DRHorton,2010-02-10 20:46:42+00:00,16171,3,3864,343,4611,284,5441,50,3162,8823,1529,188
0,INTERNATIONAL FLAVORS & FRAGRANCES,Corporate,@IFF,2014-06-05 16:02:28+00:00,7023,2387,2538,98,1826,513,49,93,2145,5466,150,122
0,SCANA CORP,Corporate,@scanaenergy,2009-04-21 18:04:05+00:00,2322,327,445,44,1286,42,1255,26,379,1634,124,38
0,WESTROCK,Corporate,@WestRock,2010-09-10 15:43:20+00:00,7174,1034,1207,191,2778,923,490,92,3544,8199,668,242
0,COLUMBIA PIPELINE GROUP INC,Corporate,@TCEnergy,2011-08-24 16:00:09+00:00,27952,806,1732,381,7831,1336,444,370,21577,28830,3721,1281
0,SL GREEN REALTY REIT CORP,Corporate,@SLGreen,2012-06-14 01:02:36+00:00,1657,62,559,23,511,205,27,7,300,1859,120,51
0,LKQ CORP,Corporate,@LKQCorp,2010-07-12 14:06:27+00:00,3904,905,47,63,911,29,23,3,287,1452,82,56
0,CARMAX INC,Corporate,@CarMax,2007-06-22 20:37:13+00:00,37537,5827,4209,639,3907,1440,31864,41,5979,18945,2602,616
0,CENTERPOINT ENERGY INC,Corporate,@CenterPoint,2010-03-08 17:48:36+00:00,16736,1598,3507,261,7911,2535,5652,665,6920,13617,1809,713
0,BROWN FORMAN CORP CLASS B,Corporate,@brownforman,2018-05-23 14:27:53+00:00,1957,41,1297,56,2569,40,179,21,1993,13823,539,302
0,MACERICH REIT,Corporate,@MacerichCo,2014-03-03 22:35:04+00:00,54,11,3,4,0,0,0,0,0,0,0,0
0,WESTERN UNION,Corporate,@WesternUnion,2009-04-11 01:44:30+00:00,622082,508,3200,636,5966,1017,57415,138,48128,184597,16111,2611
0,AKAMAI TECHNOLOGIES INC,Corporate,@Akamai,2009-01-27 22:58:24+00:00,124641,2951,4260,1493,20360,3330,1620,125,59362,174843,4267,1994
0,XL GROUP PLC,Corporate,@XLCatlin,2018-04-06 07:54:27+00:00,20,0,0,0,0,0,0,0,0,0,0,0
0,KANSAS CITY SOUTHERN,Corporate,@CanadianPacific,2009-02-27 19:25:18+00:00,33763,1674,1983,370,4035,892,930,279,18930,59982,3522,2028
0,HASBRO INC,Corporate,@Hasbro,2009-09-30 01:57:17+00:00,187765,581,4542,1344,5474,3472,4309,178,84264,210171,26446,17646
0,ONEOK INC,Corporate,@ONEOK,2009-08-11 21:48:16+00:00,3544,103,162,86,955,47,15,18,307,673,54,24
0,CA INC,Corporate,@CAinc,2008-05-15 18:56:43+00:00,110855,15331,12293,1591,22896,5876,1967,198,171129,174353,7122,3255
0,INTERPUBLIC GROUP OF COMPANIES INC,Corporate,@InterpublicIPG,2011-09-22 16:11:05+00:00,14109,679,5732,416,7335,2204,183,186,8262,21788,393,788
0,MOSAIC,Corporate,@MosaicCompany,2009-03-30 16:31:37+00:00,9655,643,117,193,3023,253,115,79,2844,4492,303,163
0,XEROX CORP,Corporate,@Xerox,2008-08-26 02:33:30+00:00,171216,2169,7411,1339,14592,2383,6935,166,61496,94082,6642,3119
0,HORMEL FOODS CORP,Corporate,@HormelFoods,2008-01-21 14:29:19+00:00,66850,1488,7989,684,9822,2108,4444,124,16958,38126,8139,1032
0,TESORO CORP.,Corporate,@Andeavor,2013-07-03 19:33:15+00:00,3370,589,1008,95,861,142,72,22,1394,2975,99,88
0,SNAP-ON INC.,Corporate,@Snapon_Tools,2009-01-12 05:06:39+00:00,39887,117,19932,247,2986,1453,667,30,12130,63560,4968,969
0,SEALED AIR CORP,Corporate,@Sealed_Air,2009-07-24 17:41:17+00:00,4498,781,1274,133,1362,774,14,110,2493,5022,119,197
0,MICHAEL KORS HOLDINGS LTD,Corporate,@MichaelKors,2010-06-08 17:15:41+00:00,3384465,564,3425,8116,12605,232,440,42,778863,2300110,87280,26260
0,EXPEDITORS INTERNATIONAL OF WASHIN,Corporate,@EXPD_Official,2012-07-26 22:20:52+00:00,3119,240,689,60,2681,52,14,20,831,2842,55,58
0,UDR INC.,Corporate,@UDRMarketing,2010-07-02 13:49:32+00:00,1089,507,101,61,1447,23,168,12,251,856,67,18
0,IRON MOUNTAIN INC,Corporate,@IronMountain,2009-02-20 20:19:46+00:00,9203,1524,3024,339,9497,958,921,122,7027,8778,580,301
0,CBRE GROUP INC,Corporate,@CBRE,2009-04-23 17:44:16+00:00,134403,681,4799,1574,5097,2117,179,16,56702,65311,2150,1830
0,HOLOGIC INC.,Corporate,@Hologic,2009-04-09 15:49:23+00:00,7252,486,2563,155,5994,471,59,139,11460,23239,797,738
0,LENNAR A CORP,Corporate,@Lennar,2008-07-11 22:13:09+00:00,243958,156811,189,2528,17658,1823,5853,8,45419,77120,15873,5206
0,STERICYCLE INC,Corporate,@Stericycle_Inc,2011-11-28 15:14:28+00:00,2030,164,309,60,1885,424,225,27,1031,1569,124,51
0,ARTHUR J GALLAGHER,Corporate,@GallagherGlobal,2010-03-16 21:54:10+00:00,7712,1087,2775,184,5480,569,115,129,6456,17174,422,438
0,UNUM GROUP,Corporate,@unumnews,2009-01-27 20:34:26+00:00,6443,390,1844,146,7478,1358,247,215,10859,6781,499,592
0,BEST BUY INC,Corporate,@BestBuy,2008-11-19 00:23:16+00:00,1219629,82,27803,6420,59580,2230,49004,72,313078,1893536,235131,41425
0,ALASKA AIR GROUP INC,Corporate,@AlaskaAir,2008-02-07 05:17:36+00:00,395605,5994,37668,3866,17979,747,346857,527,144086,534628,138512,23200
0,CINTAS CORP,Corporate,@CintasCorp,2008-12-05 21:16:15+00:00,8242,1487,1062,169,2115,166,684,30,4804,12013,741,201
0,HARLEY DAVIDSON INC,Corporate,@harleydavidson,2008-11-04 21:15:24+00:00,487056,1432,7273,2328,10723,2509,2971,41,449293,1385196,39785,14692
0,JUNIPER NETWORKS INC,Corporate,@JuniperNetworks,2008-05-14 16:59:46+00:00,106790,2937,6310,1721,15620,1966,1292,142,69689,141653,7914,2079
0,F5 NETWORKS INC,Corporate,@F5,2008-06-16 17:42:12+00:00,45684,9865,11482,1339,24121,2258,1707,121,42948,75819,2283,2056
0,WYNN RESORTS LTD,Corporate,@WynnLasVegas,2009-04-14 21:59:32+00:00,553375,7541,8593,3791,4621,1204,5980,148,40925,98914,9089,2767
0,VERISIGN INC,Corporate,@VERISIGN,2009-01-30 16:41:30+00:00,46028,73,1688,950,8986,1114,406,194,26371,47766,2129,361
0,NEWFIELD EXPLORATION,Corporate,@NFXCo,2009-03-29 03:18:00+00:00,75,1,0,0,1,0,0,0,0,0,0,0
0,VARIAN MEDICAL SYSTEMS INC,Corporate,@VarianMedSys,2011-08-23 17:37:10+00:00,9605,816,1593,129,2376,188,67,162,3770,12071,212,358
0,HUNTINGTON BANCSHARES INC,Corporate,@Huntington_Bank,2009-09-28 17:20:41+00:00,22699,1490,3232,209,2715,582,3500,20,4033,11474,2223,507
0,NISOURCE INC,Corporate,@NiSourceInc,2014-02-05 21:12:43+00:00,1735,232,354,45,656,209,23,37,687,1644,68,126
0,PVH CORP,Corporate,@PVHCorp,2018-05-14 13:01:16+00:00,2961,48,881,29,407,402,25,32,365,1820,109,75
0,COMERICA INC,Corporate,@ComericaBank,2012-07-12 20:25:14+00:00,2635,486,2365,65,2767,1435,1090,205,1997,5483,542,217
0,TRIPADVISOR INC,Corporate,@TripAdvisor,2008-09-19 16:40:46+00:00,3424058,3666,4363,14137,218396,982,12053,105,187592,311197,46407,11023
0,DARDEN RESTAURANTS INC,Corporate,@darden,2011-09-13 14:58:58+00:00,15318,317,728,221,2434,291,597,50,2612,5815,707,127
0,RANGE RESOURCES CORP,Corporate,@Range_Resources,2012-01-03 20:30:28+00:00,4135,284,1270,72,4078,776,40,39,5939,8552,640,278
0,CABLEVISION SYSTEMS CORP CLASS A,Corporate,@AlticeUSA,2015-12-21 09:42:19+00:00,3279,342,826,25,192,236,343,11,431,1247,447,116
0,WYNDHAM WORLDWIDE CORP,Corporate,@Wyndham,2009-03-04 05:21:43+00:00,41,0,0,1,0,0,1,0,0,0,0,0
0,FOOT LOCKER INC,Corporate,@footlocker,2009-02-26 16:51:45+00:00,1599404,4026,4019,3309,51611,2058,105636,289,1353698,3595094,186726,88225
0,BORGWARNER INC,Corporate,@BorgWarner,2014-10-21 17:22:02+00:00,5283,694,1537,81,1675,364,116,58,2720,13158,419,276
0,AES CORP,Corporate,@TheAESCorp,2014-06-02 15:50:44+00:00,4195,516,1346,81,1747,45,14,36,3198,14705,230,393
0,NASDAQ INC,Corporate,@NASDAQ,2008-10-29 02:19:31+00:00,88225,6913,2149,1175,9672,1924,270,49,14662,21590,2153,615
0,E*TRADE FINANCIAL CORP.,Corporate,@etrade,2009-04-17 20:38:01+00:00,84868,537,1574,847,6132,346,14346,26,23571,105853,18020,4424
0,FLUOR CORP,Corporate,@FluorCorp,2010-08-24 21:22:29+00:00,17441,818,1982,268,3252,1495,107,62,14605,32654,957,394
0,GOODYEAR TIRE & RUBBER,Corporate,@goodyear,2013-07-08 20:52:57+00:00,37593,477,4666,285,1514,509,412,76,103746,167159,30555,17559
0,JB HUNT TRANSPORT SERVICES INC,Corporate,@JBHuntDrivers,2009-04-27 21:46:37+00:00,13546,683,2064,196,8215,347,1336,82,6148,14368,2096,361
0,HELMERICH & PAYNE INC,Corporate,@HelmerichPayne,2014-01-09 15:14:52+00:00,638,6,12,8,254,4,6,5,114,1166,27,11
0,QORVO INC,Corporate,@QorvoInc,2014-09-06 00:39:39+00:00,3235,338,476,121,2575,218,15,12,2316,4908,98,137
0,NETAPP INC,Corporate,@NetApp,2008-08-18 22:46:36+00:00,126866,2536,15535,1911,17452,4506,1666,414,74833,114435,3883,3904
0,BED BATH AND BEYOND INC,Corporate,@BedBathBeyond,2011-09-13 13:38:54+00:00,176021,4914,812,813,6413,103,69529,31,49236,38549,16917,747
0,SEAGATE TECHNOLOGY PLC,Corporate,@Seagate,2008-05-13 17:59:45+00:00,188929,3726,13454,1657,18024,760,11421,130,38132,90081,11878,1377
0,SIGNET JEWELERS LTD,Corporate,@SignetJewelers,2021-09-22 19:17:25+00:00,285,26,22,2,56,10,37,2,187,198,35,6
0,KOHLS CORP,Corporate,@Kohls,2009-04-27 22:13:48+00:00,795019,3088,6597,1878,54149,2490,169727,53,461969,796076,285280,89326
0,UNDER ARMOUR A INC,Corporate,@UnderArmour,2009-03-06 20:35:33+00:00,972444,905,10538,3273,13202,1996,17225,126,279479,699127,34970,15069
0,MALLINCKRODT PLC,Corporate,@MNK,2018-04-06 21:52:00+00:00,1473,139,295,22,808,27,34,28,1839,6307,614,154
0,TIFFANY,Corporate,@TiffanyAndCo,2009-11-18 01:52:10+00:00,1818127,119,1358,4830,17725,1186,6542,17,756867,2275279,68078,39180
0,CF INDUSTRIES HOLDINGS INC,Corporate,@CFIndustries,2009-06-18 18:19:07+00:00,2290,95,259,53,770,62,8,20,991,5703,143,139
0,LEGGETT & PLATT INC,Corporate,@leggettandplatt,2009-07-07 21:22:19+00:00,167,2,0,2,0,0,0,0,0,0,0,0
0,AVERY DENNISON CORP,Corporate,@AveryDennison,2010-07-13 05:05:58+00:00,148924,5576,5443,333,4867,1696,174,28,9418,50477,2963,872
0,TORCHMARK CORP,Corporate,@GlobeLife,2009-07-20 15:33:28+00:00,2342,195,1197,42,1919,369,417,51,687,2003,196,55
0,FLOWSERVE CORP,Corporate,@Flowserve,2010-04-19 19:20:10+00:00,6101,160,485,100,1706,158,49,126,2634,5689,161,106
0,UNITED RENTALS INC,Corporate,@United_Rentals,2019-03-12 14:53:19+00:00,0,0,0,0,0,0,0,0,0,0,0,0
0,FMC CORP,Corporate,@FMCCorp,2012-08-02 20:08:12+00:00,3676,318,767,72,2037,223,57,138,3604,14161,125,207
0,ALLEGION PLC,Corporate,@AllegionPlc,2013-06-14 15:28:43+00:00,1803,108,479,60,563,189,34,36,738,1389,48,52
0,UNDER ARMOUR A INC,Corporate,@UnderArmour,2009-03-06 20:35:33+00:00,972446,905,10538,3273,26404,3992,34450,252,558958,1398594,69940,30138
0,TECO ENERGY INC,Corporate,@TECOEnergy,2008-10-29 20:02:47+00:00,4125,9,209,82,765,145,1231,12,1036,1899,449,103
0,JACOBS ENGINEERING GROUP INC,Corporate,@JacobsConnects,2008-03-28 17:22:20+00:00,42069,917,3320,762,13817,1888,319,441,15428,41902,1040,907
0,FMC TECHNOLOGIES INC,Corporate,@FMC_Tech,2010-04-05 19:28:33+00:00,8816,0,1330,166,5,1,20,0,9,21,4,1
0,APARTMENT INVESTMENT & MANAGEMENT,Corporate,@AimcoApts,2009-05-01 23:06:35+00:00,1436,187,1,38,1055,24,3,0,85,164,46,1
0,PULTEGROUP INC,Corporate,@PulteHomes,2008-10-07 14:36:56+00:00,63184,2435,2168,452,5657,377,2283,34,10895,67664,6671,1028
0,SCRIPPS NETWORKS INTERACTIVE INC C,Corporate,@ScrippsNet,2009-10-12 18:21:21+00:00,8877,1273,6411,245,3469,969,276,232,2939,3991,651,54
0,FRONTIER COMMUNICATIONS CORP,Corporate,@FrontierCorp,2009-05-04 16:29:33+00:00,33440,2745,629,249,6364,415,39397,23,4385,10053,6453,381
0,PERKINELMER INC.,Corporate,@PerkinElmer,2010-04-01 14:03:34+00:00,47626,1086,1431,316,6356,1130,129,108,21122,84489,1881,927
0,LEUCADIA NATIONAL CORP,Corporate,@Jefferies,2012-02-13 16:31:55+00:00,4157,28,37,51,333,62,4,2,214,1173,87,24
0,ZIONS BANCORPORATION,Corporate,@ZionsBank,2008-12-03 22:36:53+00:00,4168,815,6457,151,4573,1061,1249,228,2566,11666,306,960
0,SOUTHWESTERN ENERGY,Corporate,@SWN_R2,2012-06-19 15:29:31+00:00,2263,153,284,40,237,151,0,41,401,966,17,42
0,HARMAN INTERNATIONAL INDUSTRIES IN,Corporate,@Harman,2009-03-02 23:23:23+00:00,22981,859,4305,320,3716,1171,522,144,6904,20862,685,544
0,STAPLES INC,Corporate,@Staples,2015-05-18 17:54:44+00:00,5218,3586,2380,92,89,5,6277,1,246,670,324,85
0,RALPH LAUREN CORPORATION,Corporate,@RalphLauren,2009-04-22 20:58:38+00:00,2324887,325,2841,4355,5913,504,267,29,527789,1732957,27911,24399
0,ASSURANT INC,Corporate,@Assurant,2012-06-06 13:47:18+00:00,3866,1337,247,68,2372,409,6659,21,721,1787,892,121
0,ROBERT HALF,Corporate,@roberthalf,2008-10-07 21:22:43+00:00,24205,9149,16042,564,9156,2064,668,81,14445,12501,902,2177
0,NRG ENERGY INC,Corporate,@nrgenergy,2009-04-18 13:25:58+00:00,24725,805,4456,554,3204,936,425,121,11625,17844,1224,473
0,MURPHY OIL CORP,Corporate,@MurphyOilCorp,2008-07-31 15:50:23+00:00,68,0,0,1,0,0,0,0,0,0,0,0
0,GARMIN LTD,Corporate,@Garmin,2008-07-05 10:35:39+00:00,216205,591,9228,2549,6899,968,57253,49,25260,73409,12224,3030
0,H&R BLOCK INC,Corporate,@HRBlock,2007-11-27 23:50:12+00:00,39192,6440,3648,664,5437,410,24410,61,23469,58983,11948,3319
0,NORDSTROM INC,Corporate,@Nordstrom,2008-06-18 20:29:56+00:00,700521,50071,4321,5372,1266522,677,262586,16,412081,1136703,38523,12732
0,TEGNA INC,Corporate,@TEGNA,2009-04-22 01:11:48+00:00,9488,1403,9712,131,4215,1366,76,253,9655,24069,1542,2311
0,PEOPLES UNITED FINANCIAL INC,Corporate,@PeoplesUnited,2010-10-28 14:59:38+00:00,3101,164,253,93,2210,206,1723,44,719,1802,279,70
0,DUN & BRADSTREET CORP,Corporate,@DunBradstreet,2010-10-05 15:22:53+00:00,21400,3516,4493,810,25541,1773,1602,70,28882,29897,2374,997
0,NAVIENT CORP,Corporate,@Navient,2014-05-13 15:48:21+00:00,4382,332,1370,60,2439,211,8861,120,1762,5770,2676,719
0,NEWS CORP CLASS A,Corporate,@newscorp,2013-06-14 13:56:42+00:00,27125,16,0,273,243,16,0,1,1018,860,684,179
0,GAP INC,Corporate,@GapInc,2010-10-25 20:56:38+00:00,12871,137,1001,212,4904,965,672,61,12752,22859,1719,653
0,FLIR SYSTEMS INC,Corporate,@flir,2011-11-15 16:23:50+00:00,17362,1111,7319,378,9680,2831,2024,297,14687,43367,1533,1228
0,TRANSOCEAN LTD,Corporate,@TransoceanValue,2013-03-15 18:54:06+00:00,1044,60,0,30,69,8,3,0,30,17,3,1
0,FIRST SOLAR INC,Corporate,@FirstSolar,2010-09-01 17:32:36+00:00,34953,169,776,617,1580,109,119,70,3732,7932,598,268
0,TERADATA CORP,Corporate,@Teradata,2008-09-25 12:40:47+00:00,50646,3129,45613,1598,18769,2928,1160,156,34435,96509,1423,2176
0,AUTONATION INC,Corporate,@AutoNation,2009-05-13 01:47:34+00:00,20870,9100,8391,443,13601,3911,9734,282,25547,59658,3242,1489
0,ENDO INTERNATIONAL PLC,Corporate,@EndoIntlplc,2020-02-26 15:05:43+00:00,0,0,0,0,0,0,0,0,0,0,0,0
0,QUANTA SERVICES INC.,Corporate,@Quanta_Services,2014-05-05 14:07:32+00:00,1866,151,608,28,255,197,3,19,382,2013,150,53
0,RYDER SYSTEM INC,Corporate,@RyderSystemInc,2008-07-21 20:13:21+00:00,6029,1384,1349,120,3103,645,225,130,4171,4908,301,202
0,PITNEY BOWES INC,Corporate,@PitneyBowes,2009-04-20 18:17:24+00:00,27610,6386,8209,962,30915,3947,2733,557,35884,54223,3716,2003
0,CSRA INC,Corporate,@CSRA_inc,2015-11-14 21:27:26+00:00,3516,234,1499,84,1741,564,31,51,1832,3385,96,109
0,OWENS ILLINOIS INC,Corporate,@OI_Glass,2011-07-29 17:56:43+00:00,4423,367,1211,63,2192,287,165,67,13936,157325,12847,3342
0,CHESAPEAKE ENERGY CORP,Corporate,@Chesapeake,2009-09-03 18:33:11+00:00,55029,812,471,1011,2733,878,2342,6,8457,1875,842,19
0,URBAN OUTFITTERS INC,Corporate,@UrbanOutfitters,2008-07-21 15:08:12+00:00,909711,2951,8716,6495,19332,810,19811,132,545748,1955981,75614,37879
0,NEWS CORP CLASS A,Corporate,@newscorp,2013-06-14 13:56:42+00:00,27125,16,0,273,486,32,0,2,2036,1720,1368,358
0,METTLER TOLEDO INC,Corporate,@mettlertoledo,2012-03-22 08:44:02+00:00,4292,865,422,75,3491,695,131,14,1947,4667,74,112
0,FORTUNE BRANDS HOME & SECURITY INC,Corporate,@FBHS_News,2022-10-28 17:24:37+00:00,0,0,0,0,0,0,0,0,0,0,0,0
0,CDK GLOBAL INC,Corporate,@CDKGlobal,2010-01-06 14:52:08+00:00,5879,2735,2439,183,6841,949,606,287,4066,8898,423,354
0,ALBEMARLE CORP.,Corporate,@AlbemarleCorp,2011-07-25 20:31:50+00:00,4474,591,229,139,1008,188,29,17,853,2141,118,72
0,ALLIANT ENERGY CORP,Corporate,@alliantenergy,2008-05-14 19:52:16+00:00,4848,48,939,122,975,362,678,105,1406,13626,484,233
0,INGREDION INC,Corporate,@Ingredion,2012-03-06 02:39:28+00:00,2702,106,487,71,252,67,34,65,299,948,34,62
0,DUKE REALTY REIT CORP,Corporate,@DukeRealty,2014-07-10 14:04:43+00:00,2553,1505,460,49,1244,785,10,58,619,4703,118,141
0,RESMED INC.,Corporate,@ResMed,2012-03-13 00:55:38+00:00,8915,989,1738,141,2522,282,1398,123,4717,12853,575,540
0,GARTNER INC.,Corporate,@Gartner_inc,2008-06-25 14:03:20+00:00,431803,34769,2890,10939,26974,791,1378,14,223500,164861,6441,9060
0,WHITEWAVE FOODS,Corporate,@Danone,2012-05-04 10:28:50+00:00,62788,934,3239,508,2568,632,260,92,14216,42566,3260,1785
0,IDEXX LABORATORIES INC.,Corporate,@IDEXX,2009-04-20 15:21:52+00:00,6378,190,829,103,501,32,137,3,626,901,49,42
0,SYNOPSYS INC,Corporate,@synopsys,2008-11-16 21:16:24+00:00,20201,1870,748,449,5281,246,77,90,3829,7144,242,239
0,WESTAR ENERGY INC.,Corporate,@evergypower,2018-05-01 03:05:29+00:00,8987,376,789,63,659,215,2333,38,2818,9378,1542,884
0,VALSPAR CORP.,Corporate,@Valspar,2009-08-10 21:13:31+00:00,12544,674,2122,197,1053,376,1047,14,1904,6281,452,63
0,ANSYS INC,Corporate,@ANSYS,2009-04-20 20:20:58+00:00,27204,3042,7491,588,16023,3080,1124,370,65447,44210,1216,974
0,ATMOS ENERGY CORP.,Corporate,@atmosenergy,2009-04-09 12:50:58+00:00,6568,2225,3616,199,3201,2273,1867,252,4075,12012,460,415
0,REGENCY CENTERS REIT CORP,Corporate,@regencycenters,2010-01-15 14:48:25+00:00,4422,184,5404,104,2494,405,302,35,1711,2903,263,85
0,HUNTINGTON INGALLS INDUSTRIES INC.,Corporate,@WeAreHII,2011-02-04 19:09:27+00:00,9345,1340,8567,292,9299,8131,399,56,13030,18129,996,854
0,EVEREST RE GROUP LTD,Corporate,@EverestIns,2014-07-19 02:30:01+00:00,626,197,123,22,1104,318,20,12,380,1790,53,26
0,CADENCE DESIGN SYSTEMS INC,Corporate,@Cadence,2009-01-09 05:47:41+00:00,16390,139,1736,424,9730,833,212,43,7240,15774,487,394
0,BROADRIDGE FINANCIAL SOLUTIONS INC,Corporate,@Broadridge,2008-06-10 04:51:22+00:00,5604,1423,522,207,3950,295,16,28,3837,6332,185,310
0,UGI CORP.,Corporate,@UGICorporation,2021-04-15 00:51:17+00:00,106,178,274,0,53,85,8,14,87,178,6,11
0,MID-AMERICA APARTMENT COMMUNITIES,Corporate,@MAACommunities,2011-03-16 15:44:23+00:00,112,11,0,1,0,0,2,0,0,0,0,0
0,ASHLAND INC,Corporate,@AshlandInc,2011-05-06 20:12:04+00:00,2820,320,149,87,2116,289,20,5,965,1864,71,41
0,COMPUTER SCIENCES CORP,Corporate,@CSCGlobal,2009-03-13 19:42:14+00:00,1341,452,26,24,1477,18,10,2,496,1135,59,55
0,TELEFLEX INC.,Corporate,@teleflex,2012-09-28 19:19:05+00:00,944,190,31,27,5617,194,62,969,1230,1847,133,98
0,WABTEC CORP,Corporate,@WabtecCorp,2010-05-12 15:48:28+00:00,10193,948,4034,234,2514,754,82,109,7009,15179,688,556
0,SIGNATURE BANK,Corporate,@SignatureBankNY,2011-09-07 23:00:29+00:00,1,6,0,1,0,0,0,0,0,0,0,0
0,SEI INVESTMENTS,Corporate,@SEIInvestments,2021-10-15 18:39:01+00:00,77,27,2,3,39,0,1,1,42,67,2,9
0,CAMDEN PROPERTY TRUST REIT,Corporate,@CamdenLiving,2009-05-18 14:30:29+00:00,2775,906,1878,51,4984,253,344,66,5305,6581,257,265
0,RAYMOND JAMES FINANCIAL INC.,Corporate,@RaymondJames,2008-12-09 02:42:57+00:00,16623,447,898,364,8914,428,107,55,18458,25366,1486,785
0,MSCI INC,Corporate,@MSCI_Inc,2009-07-22 15:30:21+00:00,24023,1496,372,489,5985,618,46,105,7807,12314,496,632
0,RPM INTERNATIONAL INC.,Corporate,@RPMintl,2009-08-25 20:24:54+00:00,2025,328,1903,48,1281,1198,14,7,865,1960,54,37
0,NATIONAL RETAIL PROPERTIES INC.,Corporate,@NNNreit,2009-04-29 19:14:06+00:00,137,19,11,8,129,1,1,1,6,97,5,0
0,IDEX CORP.,Corporate,@IDEXCorp,2019-06-04 19:08:22+00:00,299,33,78,4,75,19,1,3,69,144,2,12
0,FACTSET RESEARCH SYSTEMS INC.,Corporate,@FactSet,2008-11-18 22:20:31+00:00,109324,275,3053,2227,15754,1516,535,171,63599,109271,4643,5841
0,TRIMBLE NAVIGATION LTD,Corporate,@TrimbleCorpNews,2013-06-10 21:15:53+00:00,10784,106,3503,225,951,1824,38,61,1073,2519,143,120
0,MEDNAX INC.,Corporate,@pediatrix,2009-04-29 13:23:04+00:00,1522,1132,1107,69,2355,5065,72,42,1702,3430,206,106
0,REINSURANCE GROUP OF AMERICA INC.,Corporate,@RGA_RE,2012-09-17 17:32:14+00:00,1220,374,521,67,2225,186,18,75,2147,3743,55,146
0,A.O. SMITH CORP.,Corporate,@AOSmithHotWater,2009-06-24 19:24:22+00:00,3550,175,747,73,1135,125,865,30,1689,3412,333,183
0,DOMINOS PIZZA INC.,Corporate,@dominos,2009-04-15 16:18:59+00:00,1506089,529,6704,3849,56095,201,397026,29,618295,1584443,302753,102148
0,OGE ENERGY CORP.,Corporate,@OGEEnergyCorp,2009-05-14 16:37:25+00:00,648,3,0,28,98,0,0,0,0,3,3,0
0,AMERICAN CAMPUS COMMUNITIES INC.,Corporate,@americancampus,2013-09-26 21:30:22+00:00,791,188,358,8,778,140,103,41,218,1038,47,72
0,ARROW ELECTRONICS INC,Corporate,@ArrowGlobal,2012-07-25 13:46:50+00:00,27748,1513,16131,365,5199,1141,1219,87,15051,116034,1351,922
0,STERIS,Corporate,@STERIS,2010-12-07 12:57:06+00:00,3578,504,22,75,1339,71,60,0,710,1489,64,61
0,AQUA AMERICA INC.,Corporate,@MyAquaAmerica,2013-06-13 15:49:30+00:00,6138,859,669,60,5078,391,1163,67,1858,5651,1131,310
0,JETBLUE AIRWAYS CORP.,Corporate,@JetBlue,2007-05-30 17:51:54+00:00,1900979,100933,65129,11568,12484,347,583281,85,106841,252851,52783,15485
0,ALIGN TECHNOLOGY INC.,Corporate,@Invisalign,2008-12-28 22:14:20+00:00,28550,1339,18283,185,8082,938,32111,41,20322,40889,3596,1589
0,KILROY REALTY CORP.,Corporate,@Kilroyrealty,2015-02-12 21:28:25+00:00,763,376,443,31,171,98,13,10,67,196,15,3
0,MANPOWERGROUP,Corporate,@ManpowerGroup,2011-03-30 03:27:07+00:00,16577,1295,5911,189,7509,4555,88,150,25689,47276,1117,1602
0,LIBERTY PROPERTY REIT TRUST,Corporate,@LibPropTrust,2009-05-18 17:05:03+00:00,2040,170,358,57,386,250,12,11,204,412,37,17
0,HUBBELL INC,Corporate,@HubbellCorp,2009-12-23 14:48:37+00:00,7212,75,1,92,398,538,36,0,116,117,10,2
0,AVNET INC,Corporate,@Avnet,2012-11-08 15:13:39+00:00,13197,820,2646,423,5886,827,182,177,9787,21139,421,660
0,LENNOX INTERNATIONAL INC.,Corporate,@LennoxAir,2012-08-21 21:00:39+00:00,15072,399,1079,112,2763,106,1366,6,6925,7607,998,683
0,WEST PHARMACEUTICAL SERVICES INC.,Corporate,@WestPharma,2009-09-04 17:53:41+00:00,2559,403,425,55,8267,281,19,58,5629,6963,174,319
0,WR BERKLEY CORP,Corporate,@WRBerkleyCorp,2011-08-02 16:03:29+00:00,1893,139,407,53,588,439,60,4,660,1445,70,74
0,JONES LANG LASALLE INC.,Corporate,@JLL,2009-03-21 21:49:27+00:00,83252,977,660,1538,16244,3149,502,32,41580,47333,1731,1450
0,RELIANCE STEEL & ALUMINUM,Corporate,@Reliance_RS,2015-05-15 22:26:10+00:00,248,28,21,5,57,4,0,5,40,135,3,2
0,SVB FINANCIAL GROUP,Corporate,@SVB_Financial,2008-11-14 22:04:01+00:00,38550,1673,21358,1313,12582,4440,2858,197,30409,47366,1839,2063
0,EAST WEST BANCORP INC.,Corporate,@EastWestBancorp,2014-06-11 19:01:34+00:00,133,1,0,1,0,0,0,0,0,0,0,0
0,CARTERS INC.,Corporate,@Carters,2012-04-05 17:24:32+00:00,33013,9522,10281,169,7435,290,9024,65,22133,36394,21591,1064
0,KEYSIGHT TECHNOLOGIES INC,Corporate,@Keysight,2013-10-25 14:30:15+00:00,12528,1129,13461,207,4215,1794,160,65,39124,149182,1254,783
0,MARKETAXESS HOLDINGS INC.,Corporate,@MarketAxess,2011-08-08 21:15:24+00:00,3061,601,481,90,4484,366,31,125,2563,2667,103,113
0,ORBITAL ATK INC,Corporate,@OrbitalATK,2008-07-30 16:17:08+00:00,102055,462,2104,0,4126,1693,794,349,62669,109090,4592,2892
0,VCA INC,Corporate,@VCAPetHealth,2010-12-09 18:14:46+00:00,27433,531,3804,325,7490,701,3764,124,18224,31607,2266,800
0,LAMAR ADVERTISING COMPANY CLAS,Corporate,@LamarOOH,2009-04-14 19:53:02+00:00,5995,947,551,149,1881,211,131,36,2711,7618,334,273
0,TYLER TECHNOLOGIES INC.,Corporate,@tylertech,2009-09-14 14:20:17+00:00,4556,1187,1819,119,4378,659,332,83,3082,9541,523,352
0,INGRAM MICRO INC. SHS -A-,Corporate,@IngramMicroInc,2009-04-01 16:28:09+00:00,22330,298,2585,518,5314,963,78,224,4980,11534,399,312
0,HAIN CELESTIAL GROUP INC.,Corporate,@haincelestial,2009-11-12 17:20:32+00:00,1782,539,85,55,1576,182,228,0,260,300,103,1
0,CBOE HOLDINGS INC.,Corporate,@CBOE,2008-10-17 17:20:29+00:00,604000,770,948,3444,27203,1595,1193,111,61121,68024,5856,3064
0,POLARIS INDUSTRIES INC,Corporate,@PolarisCareers,2013-01-03 14:48:40+00:00,424,7,0,8,0,0,0,0,0,0,0,0
0,COPART INC.,Corporate,@copartdirect,2012-09-26 13:47:54+00:00,1675,1225,103,12,959,30,3853,17,83,292,64,6
0,AECOM,Corporate,@AECOM,2009-01-23 17:55:15+00:00,84359,627,7848,1251,8262,2496,616,231,23019,43877,1597,1718
0,PANERA BREAD CO. CL A,Corporate,@panerabread,2009-08-07 00:32:48+00:00,444067,10992,5315,2734,10900,320,87087,162,274606,1078136,75911,45837
0,FORTINET INC.,Corporate,@Fortinet,2008-02-25 22:20:28+00:00,137087,3225,18522,1620,10978,5857,1061,136,42940,120085,2404,2705
0,POST HOLDINGS INC.,Corporate,@PostCereals,2018-06-25 18:53:57+00:00,1745,53,741,13,89,86,718,18,209,1057,372,188
0,MANHATTAN ASSOCIATES INC.,Corporate,@ManhAssocNews,2009-03-18 16:00:41+00:00,9800,1752,4416,355,17878,2119,364,147,8307,13253,621,493
0,APTARGROUP INC.,Corporate,@aptar,2012-10-05 16:02:53+00:00,1096,419,219,11,1108,51,1,9,1518,3075,61,97
0,SONOCO PRODUCTS CO.,Corporate,@Sonoco_Products,2009-05-11 17:43:14+00:00,4935,429,293,90,1048,188,77,9,6925,26341,2886,2612
0,TORO CO.,Corporate,@TheToroCompany,2009-03-13 18:46:24+00:00,20842,810,5349,0,4684,2762,2387,85,11299,22795,902,574
0,BEMIS INC,Corporate,@BemisCompanyInc,2014-08-08 18:45:48+00:00,40,0,1,1,0,0,0,0,0,0,0,0
0,NATIONAL FUEL GAS,Corporate,@natfuelgas,2019-01-03 14:46:24+00:00,325,144,1083,5,664,703,18,147,318,1857,25,39
0,DOUGLAS EMMETT INC.,Corporate,@DouglasEmmett,2010-12-17 05:28:49+00:00,420,167,127,10,183,22,3,0,43,138,9,2
0,HIGHWOODS PROPERTIES INC.,Corporate,@HighwoodsProp,2010-03-18 20:54:36+00:00,1525,1411,759,29,416,122,31,81,265,876,35,18
0,RENAISSANCERE HOLDING LTD,Corporate,@RenReinsurance,2011-12-01 14:29:33+00:00,109,0,0,2,0,0,0,0,0,0,0,0
0,ENERGEN CORP.,Corporate,@energen,2011-11-28 18:43:02+00:00,268,14,0,14,169,0,0,0,7,8,2,0
0,EPR PROPERTIES,Corporate,@EPRInsight,2014-02-18 17:55:08+00:00,539,151,16,8,239,2,0,1,30,176,12,10
0,GENTEX CORP,Corporate,@GentexCorp,2009-07-22 19:19:53+00:00,1239,164,274,53,940,43,11,8,1051,3967,105,172
0,PACWEST BANCORP,Corporate,@BankPacWest,2009-02-25 21:50:21+00:00,2154,1691,353,131,2748,474,38,106,1178,2196,199,80
0,SOVRAN SELF STORAGE INC.,Corporate,@LifeStorage,2009-09-23 21:15:48+00:00,5222,944,4949,103,10325,746,1093,155,2931,3838,720,170
0,CASEYS GENERAL STORES INC.,Corporate,@caseysgenstore,2009-11-12 16:26:01+00:00,40004,4538,25868,176,5477,864,17164,132,10338,48806,8485,2689
0,NORDSON CORP.,Corporate,@Nordson_Corp,2010-04-23 20:28:10+00:00,3371,524,742,107,939,2365,16,24,763,531,43,21
0,OLD REPUBLIC INTERNATIONAL CORP,Corporate,@oldrepublicpro,2016-11-04 22:01:00+00:00,38,17,15,0,88,1,4,0,9,61,6,2
0,MDU RESOURCES GROUP INC,Corporate,@MDUResources,2009-10-08 15:51:41+00:00,512,141,608,24,326,46,11,109,92,676,12,14
0,WELLCARE HEALTH PLANS INC.,Corporate,@WellcarePlans,2010-09-13 12:54:04+00:00,3063,1124,713,56,782,148,1074,33,1275,3556,316,122
0,GRACO INC.,Corporate,@GracoInc,2010-04-16 13:51:30+00:00,4808,452,406,67,1073,399,226,146,1123,1739,108,34
0,FEI CO.,Corporate,@FEI_Company,2009-04-25 17:17:44+00:00,31,0,0,0,1,0,0,0,0,1,2,0
0,AMSURG CORP.,Corporate,@AmSurgCorp,2010-01-19 23:01:16+00:00,762,20,46,27,1017,49,4,17,239,597,18,36
0,PTC INC,Corporate,@PTC,2010-10-25 13:15:11+00:00,39935,12313,10151,1304,18529,2082,539,492,41930,45163,2444,1320
0,BRUNSWICK CORP,Corporate,@Brunswick_Corp_,2020-05-28 17:37:06+00:00,247,83,357,3,316,90,13,36,170,640,20,21
0,WILLIAMS-SONOMA INC.,Corporate,@WilliamsSonoma,2009-04-06 17:30:28+00:00,104859,1047,7486,1651,77408,1080,7312,153,54303,139423,6904,3137
0,ARRIS INTERNATIONAL PLC,Corporate,@ARRIS,2008-09-19 00:13:51+00:00,17950,1746,2729,304,4070,1491,1329,320,19811,33850,5133,829
0,BIO TECHNE CORP,Corporate,@biotechne,2014-08-22 17:18:32+00:00,2066,1095,1107,38,3221,619,34,38,1560,3014,77,183
0,BROWN & BROWN INC,Corporate,@bbinsny,2016-06-03 15:06:29+00:00,59,162,9,1,38,3,0,0,7,56,1,0
0,OLD DOMINION FREIGHT LINE INC.,Corporate,@ODFLInc,2009-12-14 14:48:12+00:00,1073,0,0,12,3,0,0,0,5,26,5,0
0,ENDURANCE SPECIALTY HOLDINGS LTD.,Corporate,@endurance,2011-09-19 21:13:18+00:00,4498,830,204,14,2241,78,246,5,621,791,304,24
0,GULFPORT ENERGY CORP.,Corporate,@EnergyGulfport,2019-06-13 18:26:50+00:00,146,21,0,4,6,0,0,0,0,2,16,0
0,EATON VANCE COM NON VOTING CORP,Corporate,@EatonVance,2013-02-11 19:53:18+00:00,12924,332,33,162,6103,116,0,1,1955,7282,308,88
0,DUNKIN BRANDS GROUP INC.,Corporate,@dunkindonuts,2007-09-09 20:21:27+00:00,1335614,51106,8744,5483,135734,631,88375,129,506290,2109692,267224,68158
0,TERADYNE INC.,Corporate,@Teradyneinc,2009-06-17 16:51:17+00:00,2141,125,71,70,1233,39,0,23,429,1504,38,32
0,FIRST AMERICAN FINANCIAL CORP.,Corporate,@FirstAm,2012-02-29 05:53:56+00:00,2023,116,23,0,156,70,104,0,237,186,53,9
0,CRACKER BARREL OLD COUNTRY STORE I,Corporate,@CrackerBarrel,2011-05-18 22:15:26+00:00,118294,325,7235,503,3237,356,7974,6,25940,72081,6953,39
0,ABIOMED INC.,Corporate,@Abiomed,2008-04-09 19:39:39+00:00,4705,1823,945,61,2084,361,60,52,4299,12699,204,432
0,CORRECTIONS CORPORATION OF AMERICA,Corporate,@CoreCivic,2015-08-06 21:27:39+00:00,1559,177,110,28,771,38,7,53,1906,4724,1257,705
0,COMMERCE BANCSHARES INC,Corporate,@CommerceBank,2009-04-03 20:33:26+00:00,7950,2362,3167,110,3164,568,2525,56,1724,5313,800,139
0,CHARLES RIVER LABORATORIES INTERNA,Corporate,@CRiverLabs,2009-10-31 03:40:49+00:00,9226,721,3157,178,7418,1228,152,31,8647,33245,858,455
0,DCT INDUSTRIAL TRUST REIT INC,Corporate,@DCTIndustrial,2011-07-19 16:37:22+00:00,823,590,101,12,350,36,1,8,248,303,10,9
0,SKECHERS USA INC. CL A,Corporate,@SKECHERSUSA,2009-01-23 18:28:41+00:00,48629,236,3303,474,4294,1421,3606,160,61565,139403,8398,4196
0,SYNOVUS FINANCIAL CORP,Corporate,@synovus,2013-01-22 03:42:22+00:00,2664,309,1325,47,1510,575,393,74,2542,6209,147,162
0,LINCOLN ELECTRIC HOLDINGS INC.,Corporate,@LincolnElectric,2009-05-12 18:06:45+00:00,38056,2060,293,378,6939,2627,526,19,11698,42550,1707,431
0,KIRBY CORP.,Corporate,@Kirby_Corp,2015-05-29 18:48:47+00:00,92,0,0,3,0,0,0,0,0,0,0,0
0,CURTISS-WRIGHT CORP.,Corporate,@CWCorporation1,2016-08-30 14:36:56+00:00,73,25,0,3,5,1,0,0,0,1,0,0
0,AGCO CORP.,Corporate,@AGCOcorp,2009-04-04 16:41:21+00:00,49452,3142,9558,492,10359,2070,1404,82,23958,71912,1869,1424
0,POOL CORP.,Corporate,@poolcorp,2015-05-26 13:44:33+00:00,646,132,24,10,112,12,0,3,30,72,3,5
0,NCR CORP,Corporate,@NCRCorporation,2009-03-23 18:44:42+00:00,22653,6823,10626,604,14971,870,539,174,21233,40017,1259,1525
0,DICKS SPORTING GOODS INC.,Corporate,@DICKS,2009-05-19 15:21:00+00:00,369662,953,13945,1712,13389,1393,42272,120,375997,875927,68529,33073
0,MICROSEMI CORP.,Corporate,@pmcmicrosemi,2011-07-21 20:03:37+00:00,1093,444,154,45,259,226,11,0,173,116,18,0
0,TEMPUR SEALY INTERNATIONAL INC,Corporate,@TempurPedic,2011-09-07 20:55:45+00:00,16917,862,5750,119,1804,341,12297,70,9181,59852,5052,2117
0,COGNEX CORP.,Corporate,@Cognex_Corp,2008-10-10 19:06:40+00:00,4457,268,61,117,989,58,10,7,853,1098,64,35
0,DST SYSTEMS INC,Corporate,@dst_systems,2016-02-11 16:19:41+00:00,14,0,0,1,0,0,0,0,0,0,0,0
0,FIRST NIAGARA FINANCIAL GROUP INC.,Corporate,@firstniagara,2010-01-15 14:08:21+00:00,3220,564,1104,92,0,0,0,0,0,0,0,0
0,IDACORP INC.,Corporate,@idahopower,2009-08-25 17:13:40+00:00,6955,776,4797,144,4438,866,1340,179,2862,8516,785,313
0,MAXIMUS INC.,Corporate,@MAXIMUS_news,2010-05-19 15:57:33+00:00,2190,534,844,50,4877,890,98,29,3060,7367,272,173
0,AMC NETWORKS INC. CL A,Corporate,@AMC_TV,2010-05-27 17:10:21+00:00,674887,441,8735,2700,11367,7345,1196,553,178711,695376,32504,13047
0,FIRSTMERIT CORP.,Corporate,@FirstMerit,2009-03-16 13:31:33+00:00,1373,61,7,49,0,0,0,0,0,0,0,0
0,WEX INC.,Corporate,@WEXIncNews,2012-03-29 15:02:56+00:00,1829,280,2849,95,6305,848,130,38,1759,5278,174,182
0,THE HANOVER INSURANCE GROUP INC.,Corporate,@The_Hanover,2008-10-30 18:10:29+00:00,6056,818,291,86,2823,189,13,10,6386,8598,277,627
0,JABIL CIRCUIT INC,Corporate,@Jabil,2012-02-07 14:49:42+00:00,10046,2549,6284,541,8764,2732,908,149,12023,16699,749,1291
0,FAIR ISAAC CORP.,Corporate,@FICO,2009-06-30 17:18:54+00:00,9385,4829,7781,649,16435,4100,371,238,10956,15494,636,743
0,MSC INDUSTRIAL DIRECT CO. CL A,Corporate,@MSC_Industrial,2009-06-03 21:25:29+00:00,4624,1127,758,81,5015,453,65,24,1955,6096,156,123
0,CULLEN/FROST BANKERS INC.,Corporate,@FrostBank,2013-03-05 19:48:22+00:00,20569,324,1127,82,874,22,1932,15,4818,22583,1300,714
0,CINEMARK HOLDINGS INC.,Corporate,@Cinemark,2011-09-16 19:13:41+00:00,76972,286,33299,462,13000,3020,11530,349,142167,387893,27842,14468
0,HAWAIIAN ELECTRIC INDUSTRIES INC.,Corporate,@HwnElectric,2010-01-02 19:09:26+00:00,37576,816,2775,337,28876,1767,7352,47,24553,56971,3800,2240
